日期,黄金ETF_open,黄金ETF_close,纳指ETF_open,纳指ETF_close,创业板ETF_open,创业板ETF_close,黄金ETF_high,黄金ETF_low,黄金ETF_volume,黄金ETF_amount,黄金ETF_source,纳指ETF_high,纳指ETF_low,纳指ETF_volume,纳指ETF_amount,纳指ETF_source,创业板ETF_high,创业板ETF_low,创业板ETF_volume,创业板ETF_amount,创业板ETF_source
2013-07-29,2.633,2.577,0.202,0.2044,1.143,1.169,2.633,2.577,0,0,Excel导入缓存,0.2044,0.202,0,0,Excel导入缓存,1.169,1.143,0,0,Excel导入缓存
2013-08-05,2.621,2.618,0.2056,0.2052,1.167,1.161,2.621,2.618,0,0,Excel导入缓存,0.2056,0.2052,0,0,Excel导入缓存,1.167,1.161,0,0,Excel导入缓存
2013-08-12,2.656,2.714,0.2048,0.2002,1.159,1.117,2.714,2.656,0,0,Excel导入缓存,0.2048,0.2002,0,0,Excel导入缓存,1.159,1.117,0,0,Excel导入缓存
2013-08-19,2.74,2.733,0.2002,0.203,1.112,1.198,2.74,2.733,0,0,Excel导入缓存,0.203,0.2002,0,0,Excel导入缓存,1.198,1.112,0,0,Excel导入缓存
2013-08-26,2.77,2.785,0.2038,0.2018,1.202,1.171,2.785,2.77,0,0,Excel导入缓存,0.2038,0.2018,0,0,Excel导入缓存,1.202,1.171,0,0,Excel导入缓存
2013-09-02,2.77,2.725,0.201,0.2032,1.17,1.262,2.77,2.725,0,0,Excel导入缓存,0.2032,0.201,0,0,Excel导入缓存,1.262,1.17,0,0,Excel导入缓存
2013-09-09,2.751,2.622,0.204,0.2058,1.262,1.235,2.751,2.622,0,0,Excel导入缓存,0.2058,0.204,0,0,Excel导入缓存,1.262,1.235,0,0,Excel导入缓存
2013-09-16,2.636,2.589,0.2072,0.2082,1.231,1.265,2.636,2.589,0,0,Excel导入缓存,0.2082,0.2072,0,0,Excel导入缓存,1.265,1.231,0,0,Excel导入缓存
2013-09-23,2.618,2.622,0.2084,0.2142,1.266,1.308,2.622,2.618,0,0,Excel导入缓存,0.2142,0.2084,0,0,Excel导入缓存,1.308,1.266,0,0,Excel导入缓存
2013-09-30,2.633,2.649,0.214,0.21,1.314,1.346,2.649,2.633,0,0,Excel导入缓存,0.214,0.21,0,0,Excel导入缓存,1.346,1.314,0,0,Excel导入缓存
2013-10-07,2.638,2.569,0.214,0.213,1.35,1.36,2.638,2.569,0,0,Excel导入缓存,0.214,0.213,0,0,Excel导入缓存,1.36,1.35,0,0,Excel导入缓存
2013-10-14,2.54,2.606,0.214,0.2202,1.36,1.332,2.606,2.54,0,0,Excel导入缓存,0.2202,0.214,0,0,Excel导入缓存,1.36,1.332,0,0,Excel导入缓存
2013-10-21,2.6,2.619,0.2202,0.2278,1.333,1.252,2.619,2.6,0,0,Excel导入缓存,0.2278,0.2202,0,0,Excel导入缓存,1.333,1.252,0,0,Excel导入缓存
2013-10-28,2.634,2.603,0.2302,0.2236,1.252,1.199,2.634,2.603,0,0,Excel导入缓存,0.2302,0.2236,0,0,Excel导入缓存,1.252,1.199,0,0,Excel导入缓存
2013-11-04,2.603,2.574,0.2224,0.225,1.195,1.189,2.603,2.574,0,0,Excel导入缓存,0.225,0.2224,0,0,Excel导入缓存,1.195,1.189,0,0,Excel导入缓存
2013-11-11,2.535,2.526,0.229,0.2264,1.185,1.247,2.535,2.526,0,0,Excel导入缓存,0.229,0.2264,0,0,Excel导入缓存,1.247,1.185,0,0,Excel导入缓存
2013-11-18,2.529,2.457,0.227,0.2208,1.251,1.268,2.529,2.457,0,0,Excel导入缓存,0.227,0.2208,0,0,Excel导入缓存,1.268,1.251,0,0,Excel导入缓存
2013-11-25,2.457,2.443,0.2216,0.2274,1.26,1.341,2.457,2.443,0,0,Excel导入缓存,0.2274,0.2216,0,0,Excel导入缓存,1.341,1.26,0,0,Excel导入缓存
2013-12-02,2.444,2.419,0.2278,0.2264,1.27,1.186,2.444,2.419,0,0,Excel导入缓存,0.2278,0.2264,0,0,Excel导入缓存,1.27,1.186,0,0,Excel导入缓存
2013-12-09,2.424,2.41,0.2276,0.2244,1.187,1.251,2.424,2.41,0,0,Excel导入缓存,0.2276,0.2244,0,0,Excel导入缓存,1.251,1.187,0,0,Excel导入缓存
2013-12-16,2.412,2.343,0.2242,0.2274,1.252,1.23,2.412,2.343,0,0,Excel导入缓存,0.2274,0.2242,0,0,Excel导入缓存,1.252,1.23,0,0,Excel导入缓存
2013-12-23,2.355,2.401,0.2296,0.2358,1.225,1.273,2.401,2.355,0,0,Excel导入缓存,0.2358,0.2296,0,0,Excel导入缓存,1.273,1.225,0,0,Excel导入缓存
2013-12-30,2.402,2.424,0.2352,0.2322,1.273,1.325,2.424,2.402,0,0,Excel导入缓存,0.2352,0.2322,0,0,Excel导入缓存,1.325,1.273,0,0,Excel导入缓存
2014-01-06,2.437,2.428,0.2328,0.2342,1.324,1.324,2.437,2.428,0,0,Excel导入缓存,0.2342,0.2328,0,0,Excel导入缓存,1.324,1.324,0,0,Excel导入缓存
2014-01-13,2.451,2.435,0.234,0.2366,1.323,1.367,2.451,2.435,0,0,Excel导入缓存,0.2366,0.234,0,0,Excel导入缓存,1.367,1.323,0,0,Excel导入缓存
2014-01-20,2.436,2.46,0.2362,0.2372,1.361,1.453,2.46,2.436,0,0,Excel导入缓存,0.2372,0.2362,0,0,Excel导入缓存,1.453,1.361,0,0,Excel导入缓存
2014-01-27,2.47,2.461,0.2348,0.2326,1.448,1.463,2.47,2.461,0,0,Excel导入缓存,0.2348,0.2326,0,0,Excel导入缓存,1.463,1.448,0,0,Excel导入缓存
2014-02-03,2.461,2.48,0.2324,0.232,1.451,1.498,2.48,2.461,0,0,Excel导入缓存,0.2324,0.232,0,0,Excel导入缓存,1.498,1.451,0,0,Excel导入缓存
2014-02-10,2.49,2.552,0.2346,0.2362,1.505,1.479,2.552,2.49,0,0,Excel导入缓存,0.2362,0.2346,0,0,Excel导入缓存,1.505,1.479,0,0,Excel导入缓存
2014-02-17,2.592,2.582,0.2368,0.2406,1.483,1.483,2.592,2.582,0,0,Excel导入缓存,0.2406,0.2368,0,0,Excel导入缓存,1.483,1.483,0,0,Excel导入缓存
2014-02-24,2.57,2.623,0.2402,0.2498,1.481,1.4,2.623,2.57,0,0,Excel导入缓存,0.2498,0.2402,0,0,Excel导入缓存,1.481,1.4,0,0,Excel导入缓存
2014-03-03,2.643,2.65,0.249,0.2462,1.4,1.428,2.65,2.643,0,0,Excel导入缓存,0.249,0.2462,0,0,Excel导入缓存,1.428,1.4,0,0,Excel导入缓存
2014-03-10,2.625,2.691,0.2462,0.2394,1.408,1.398,2.691,2.625,0,0,Excel导入缓存,0.2462,0.2394,0,0,Excel导入缓存,1.408,1.398,0,0,Excel导入缓存
2014-03-17,2.701,2.647,0.2384,0.244,1.401,1.382,2.701,2.647,0,0,Excel导入缓存,0.244,0.2384,0,0,Excel导入缓存,1.401,1.382,0,0,Excel导入缓存
2014-03-24,2.65,2.588,0.242,0.2346,1.375,1.292,2.65,2.588,0,0,Excel导入缓存,0.242,0.2346,0,0,Excel导入缓存,1.375,1.292,0,0,Excel导入缓存
2014-03-31,2.57,2.566,0.2348,0.2398,1.293,1.314,2.57,2.566,0,0,Excel导入缓存,0.2398,0.2348,0,0,Excel导入缓存,1.314,1.293,0,0,Excel导入缓存
2014-04-07,2.58,2.62,0.232,0.2284,1.295,1.329,2.62,2.58,0,0,Excel导入缓存,0.232,0.2284,0,0,Excel导入缓存,1.329,1.295,0,0,Excel导入缓存
2014-04-14,2.629,2.579,0.2246,0.2308,1.329,1.344,2.629,2.579,0,0,Excel导入缓存,0.2308,0.2246,0,0,Excel导入缓存,1.344,1.329,0,0,Excel导入缓存
2014-04-21,2.575,2.59,0.2308,0.2354,1.33,1.26,2.59,2.575,0,0,Excel导入缓存,0.2354,0.2308,0,0,Excel导入缓存,1.33,1.26,0,0,Excel导入缓存
2014-04-28,2.613,2.612,0.2322,0.234,1.255,1.254,2.613,2.612,0,0,Excel导入缓存,0.234,0.2322,0,0,Excel导入缓存,1.255,1.254,0,0,Excel导入缓存
2014-05-05,2.632,2.588,0.2342,0.2318,1.253,1.23,2.632,2.588,0,0,Excel导入缓存,0.2342,0.2318,0,0,Excel导入缓存,1.253,1.23,0,0,Excel导入缓存
2014-05-12,2.586,2.594,0.2326,0.2358,1.236,1.202,2.594,2.586,0,0,Excel导入缓存,0.2358,0.2326,0,0,Excel导入缓存,1.236,1.202,0,0,Excel导入缓存
2014-05-19,2.586,2.597,0.236,0.2404,1.195,1.27,2.597,2.586,0,0,Excel导入缓存,0.2404,0.236,0,0,Excel导入缓存,1.27,1.195,0,0,Excel导入缓存
2014-05-26,2.59,2.535,0.242,0.2478,1.275,1.291,2.59,2.535,0,0,Excel导入缓存,0.2478,0.242,0,0,Excel导入缓存,1.291,1.275,0,0,Excel导入缓存
2014-06-02,2.526,2.53,0.2472,0.2512,1.291,1.321,2.53,2.526,0,0,Excel导入缓存,0.2512,0.2472,0,0,Excel导入缓存,1.321,1.291,0,0,Excel导入缓存
2014-06-09,2.531,2.545,0.2522,0.2482,1.315,1.35,2.545,2.531,0,0,Excel导入缓存,0.2522,0.2482,0,0,Excel导入缓存,1.35,1.315,0,0,Excel导入缓存
2014-06-16,2.551,2.627,0.2494,0.2508,1.352,1.305,2.627,2.551,0,0,Excel导入缓存,0.2508,0.2494,0,0,Excel导入缓存,1.352,1.305,0,0,Excel导入缓存
2014-06-23,2.604,2.634,0.252,0.2534,1.305,1.357,2.634,2.604,0,0,Excel导入缓存,0.2534,0.252,0,0,Excel导入缓存,1.357,1.305,0,0,Excel导入缓存
2014-06-30,2.634,2.635,0.2536,0.261,1.357,1.381,2.635,2.634,0,0,Excel导入缓存,0.261,0.2536,0,0,Excel导入缓存,1.381,1.357,0,0,Excel导入缓存
2014-07-07,2.631,2.67,0.261,0.2562,1.375,1.329,2.67,2.631,0,0,Excel导入缓存,0.261,0.2562,0,0,Excel导入缓存,1.375,1.329,0,0,Excel导入缓存
2014-07-14,2.671,2.62,0.257,0.258,1.329,1.279,2.671,2.62,0,0,Excel导入缓存,0.258,0.257,0,0,Excel导入缓存,1.329,1.279,0,0,Excel导入缓存
2014-07-21,2.618,2.579,0.2596,0.2622,1.28,1.257,2.618,2.579,0,0,Excel导入缓存,0.2622,0.2596,0,0,Excel导入缓存,1.28,1.257,0,0,Excel导入缓存
2014-07-28,2.59,2.558,0.2614,0.2574,1.258,1.29,2.59,2.558,0,0,Excel导入缓存,0.2614,0.2574,0,0,Excel导入缓存,1.29,1.258,0,0,Excel导入缓存
2014-08-04,2.584,2.616,0.2562,0.2542,1.285,1.347,2.616,2.584,0,0,Excel导入缓存,0.2562,0.2542,0,0,Excel导入缓存,1.347,1.285,0,0,Excel导入缓存
2014-08-11,2.616,2.599,0.2556,0.2622,1.348,1.36,2.616,2.599,0,0,Excel导入缓存,0.2622,0.2556,0,0,Excel导入缓存,1.36,1.348,0,0,Excel导入缓存
2014-08-18,2.58,2.543,0.2632,0.2666,1.36,1.429,2.58,2.543,0,0,Excel导入缓存,0.2666,0.2632,0,0,Excel导入缓存,1.429,1.36,0,0,Excel导入缓存
2014-08-25,2.545,2.555,0.2668,0.2672,1.426,1.394,2.555,2.545,0,0,Excel导入缓存,0.2672,0.2668,0,0,Excel导入缓存,1.426,1.394,0,0,Excel导入缓存
2014-09-01,2.551,2.519,0.268,0.2678,1.395,1.46,2.551,2.519,0,0,Excel导入缓存,0.268,0.2678,0,0,Excel导入缓存,1.46,1.395,0,0,Excel导入缓存
2014-09-08,2.512,2.463,0.269,0.2684,1.453,1.483,2.512,2.463,0,0,Excel导入缓存,0.269,0.2684,0,0,Excel导入缓存,1.483,1.453,0,0,Excel导入缓存
2014-09-15,2.455,2.434,0.2672,0.2708,1.478,1.46,2.455,2.434,0,0,Excel导入缓存,0.2708,0.2672,0,0,Excel导入缓存,1.478,1.46,0,0,Excel导入缓存
2014-09-22,2.422,2.429,0.27,0.2626,1.452,1.472,2.429,2.422,0,0,Excel导入缓存,0.27,0.2626,0,0,Excel导入缓存,1.472,1.452,0,0,Excel导入缓存
2014-09-29,2.425,2.433,0.2652,0.265,1.472,1.5,2.433,2.425,0,0,Excel导入缓存,0.2652,0.265,0,0,Excel导入缓存,1.5,1.472,0,0,Excel导入缓存
2014-10-06,2.418,2.425,0.2588,0.2592,1.501,1.512,2.425,2.418,0,0,Excel导入缓存,0.2592,0.2588,0,0,Excel导入缓存,1.512,1.501,0,0,Excel导入缓存
2014-10-13,2.436,2.449,0.2536,0.2514,1.502,1.47,2.449,2.436,0,0,Excel导入缓存,0.2536,0.2514,0,0,Excel导入缓存,1.502,1.47,0,0,Excel导入缓存
2014-10-20,2.449,2.43,0.2524,0.262,1.465,1.441,2.449,2.43,0,0,Excel导入缓存,0.262,0.2524,0,0,Excel导入缓存,1.465,1.441,0,0,Excel导入缓存
2014-10-27,2.435,2.35,0.2634,0.2694,1.438,1.473,2.435,2.35,0,0,Excel导入缓存,0.2694,0.2634,0,0,Excel导入缓存,1.473,1.438,0,0,Excel导入缓存
2014-11-03,2.315,2.259,0.2722,0.2726,1.475,1.477,2.315,2.259,0,0,Excel导入缓存,0.2726,0.2722,0,0,Excel导入缓存,1.477,1.475,0,0,Excel导入缓存
2014-11-10,2.309,2.281,0.2724,0.273,1.48,1.406,2.309,2.281,0,0,Excel导入缓存,0.273,0.2724,0,0,Excel导入缓存,1.48,1.406,0,0,Excel导入缓存
2014-11-17,2.325,2.349,0.2732,0.2756,1.401,1.462,2.349,2.325,0,0,Excel导入缓存,0.2756,0.2732,0,0,Excel导入缓存,1.462,1.401,0,0,Excel导入缓存
2014-11-24,2.352,2.355,0.2756,0.28,1.483,1.524,2.355,2.352,0,0,Excel导入缓存,0.28,0.2756,0,0,Excel导入缓存,1.524,1.483,0,0,Excel导入缓存
2014-12-01,2.305,2.394,0.28,0.278,1.52,1.529,2.394,2.305,0,0,Excel导入缓存,0.28,0.278,0,0,Excel导入缓存,1.529,1.52,0,0,Excel导入缓存
2014-12-08,2.386,2.434,0.2786,0.273,1.522,1.569,2.434,2.386,0,0,Excel导入缓存,0.2786,0.273,0,0,Excel导入缓存,1.569,1.522,0,0,Excel导入缓存
2014-12-15,2.43,2.414,0.2712,0.2806,1.572,1.541,2.43,2.414,0,0,Excel导入缓存,0.2806,0.2712,0,0,Excel导入缓存,1.572,1.541,0,0,Excel导入缓存
2014-12-22,2.413,2.386,0.2814,0.2788,1.534,1.488,2.413,2.386,0,0,Excel导入缓存,0.2814,0.2788,0,0,Excel导入缓存,1.534,1.488,0,0,Excel导入缓存
2014-12-29,2.4,2.413,0.2794,0.2784,1.489,1.43,2.413,2.4,0,0,Excel导入缓存,0.2794,0.2784,0,0,Excel导入缓存,1.489,1.43,0,0,Excel导入缓存
2015-01-05,2.413,2.439,0.277,0.2778,1.424,1.503,2.439,2.413,0,0,Excel导入缓存,0.2778,0.277,0,0,Excel导入缓存,1.503,1.424,0,0,Excel导入缓存
2015-01-12,2.456,2.519,0.2748,0.27,1.495,1.592,2.519,2.456,0,0,Excel导入缓存,0.2748,0.27,0,0,Excel导入缓存,1.592,1.495,0,0,Excel导入缓存
2015-01-19,2.549,2.607,0.2716,0.2788,1.576,1.638,2.607,2.549,0,0,Excel导入缓存,0.2788,0.2716,0,0,Excel导入缓存,1.638,1.576,0,0,Excel导入缓存
2015-01-26,2.609,2.542,0.2774,0.2742,1.639,1.623,2.609,2.542,0,0,Excel导入缓存,0.2774,0.2742,0,0,Excel导入缓存,1.639,1.623,0,0,Excel导入缓存
2015-02-02,2.58,2.564,0.272,0.2774,1.609,1.661,2.58,2.564,0,0,Excel导入缓存,0.2774,0.272,0,0,Excel导入缓存,1.661,1.609,0,0,Excel导入缓存
2015-02-09,2.539,2.496,0.2764,0.2838,1.661,1.761,2.539,2.496,0,0,Excel导入缓存,0.2838,0.2764,0,0,Excel导入缓存,1.761,1.661,0,0,Excel导入缓存
2015-02-16,2.499,2.488,0.286,0.2874,1.767,1.82,2.499,2.488,0,0,Excel导入缓存,0.2874,0.286,0,0,Excel导入缓存,1.82,1.767,0,0,Excel导入缓存
2015-02-24,2.48,2.465,0.29,0.2898,1.825,1.863,2.48,2.465,0,0,Excel导入缓存,0.29,0.2898,0,0,Excel导入缓存,1.863,1.825,0,0,Excel导入缓存
2015-03-02,2.472,2.439,0.2904,0.2926,1.868,1.88,2.472,2.439,0,0,Excel导入缓存,0.2926,0.2904,0,0,Excel导入缓存,1.88,1.868,0,0,Excel导入缓存
2015-03-09,2.384,2.359,0.2888,0.2862,1.855,1.992,2.384,2.359,0,0,Excel导入缓存,0.2888,0.2862,0,0,Excel导入缓存,1.992,1.855,0,0,Excel导入缓存
2015-03-16,2.357,2.354,0.286,0.2908,2.005,2.126,2.357,2.354,0,0,Excel导入缓存,0.2908,0.286,0,0,Excel导入缓存,2.126,2.005,0,0,Excel导入缓存
2015-03-23,2.369,2.406,0.292,0.2878,2.13,2.228,2.406,2.369,0,0,Excel导入缓存,0.292,0.2878,0,0,Excel导入缓存,2.228,2.13,0,0,Excel导入缓存
2015-03-30,2.398,2.392,0.2878,0.2832,2.21,2.391,2.398,2.392,0,0,Excel导入缓存,0.2878,0.2832,0,0,Excel导入缓存,2.391,2.21,0,0,Excel导入缓存
2015-04-07,2.406,2.384,0.2848,0.2862,2.402,2.424,2.406,2.384,0,0,Excel导入缓存,0.2862,0.2848,0,0,Excel导入缓存,2.424,2.402,0,0,Excel导入缓存
2015-04-13,2.393,2.395,0.2872,0.2876,2.435,2.368,2.395,2.393,0,0,Excel导入缓存,0.2876,0.2872,0,0,Excel导入缓存,2.435,2.368,0,0,Excel导入缓存
2015-04-20,2.393,2.399,0.2842,0.2924,2.355,2.645,2.399,2.393,0,0,Excel导入缓存,0.2924,0.2842,0,0,Excel导入缓存,2.645,2.355,0,0,Excel导入缓存
2015-04-27,2.369,2.41,0.294,0.2918,2.67,2.748,2.41,2.369,0,0,Excel导入缓存,0.294,0.2918,0,0,Excel导入缓存,2.748,2.67,0,0,Excel导入缓存
2015-05-04,2.381,2.369,0.292,0.2902,2.758,2.894,2.381,2.369,0,0,Excel导入缓存,0.292,0.2902,0,0,Excel导入缓存,2.894,2.758,0,0,Excel导入缓存
2015-05-11,2.37,2.425,0.2916,0.2928,2.908,3.016,2.425,2.37,0,0,Excel导入缓存,0.2928,0.2916,0,0,Excel导入缓存,3.016,2.908,0,0,Excel导入缓存
2015-05-18,2.424,2.411,0.2928,0.2936,3.043,3.382,2.424,2.411,0,0,Excel导入缓存,0.2936,0.2928,0,0,Excel导入缓存,3.382,3.043,0,0,Excel导入缓存
2015-05-25,2.411,2.381,0.2928,0.295,3.271,3.384,2.411,2.381,0,0,Excel导入缓存,0.295,0.2928,0,0,Excel导入缓存,3.384,3.271,0,0,Excel导入缓存
2015-06-01,2.383,2.368,0.2938,0.2928,3.398,3.703,2.383,2.368,0,0,Excel导入缓存,0.2938,0.2928,0,0,Excel导入缓存,3.703,3.398,0,0,Excel导入缓存
2015-06-08,2.37,2.375,0.2928,0.292,3.65,3.704,2.375,2.37,0,0,Excel导入缓存,0.2928,0.292,0,0,Excel导入缓存,3.704,3.65,0,0,Excel导入缓存
2015-06-15,2.377,2.365,0.2912,0.2924,3.712,3.15,2.377,2.365,0,0,Excel导入缓存,0.2924,0.2912,0,0,Excel导入缓存,3.712,3.15,0,0,Excel导入缓存
2015-06-23,2.359,2.353,0.293,0.294,3.15,2.767,2.359,2.353,0,0,Excel导入缓存,0.294,0.293,0,0,Excel导入缓存,3.15,2.767,0,0,Excel导入缓存
2015-06-29,2.354,2.312,0.2926,0.2886,2.76,2.457,2.354,2.312,0,0,Excel导入缓存,0.2926,0.2886,0,0,Excel导入缓存,2.76,2.457,0,0,Excel导入缓存
2015-07-06,2.315,2.3,0.2886,0.2772,2.7,2.298,2.315,2.3,0,0,Excel导入缓存,0.2886,0.2772,0,0,Excel导入缓存,2.7,2.298,0,0,Excel导入缓存
2015-07-13,2.301,2.3,0.2802,0.295,2.524,2.688,2.301,2.3,0,0,Excel导入缓存,0.295,0.2802,0,0,Excel导入缓存,2.688,2.524,0,0,Excel导入缓存
2015-07-20,2.288,2.186,0.296,0.2994,2.67,2.74,2.288,2.186,0,0,Excel导入缓存,0.2994,0.296,0,0,Excel导入缓存,2.74,2.67,0,0,Excel导入缓存
2015-07-27,2.189,2.167,0.2976,0.3052,2.67,2.368,2.189,2.167,0,0,Excel导入缓存,0.3052,0.2976,0,0,Excel导入缓存,2.67,2.368,0,0,Excel导入缓存
2015-08-03,2.177,2.187,0.306,0.2994,2.325,2.459,2.187,2.177,0,0,Excel导入缓存,0.306,0.2994,0,0,Excel导入缓存,2.459,2.325,0,0,Excel导入缓存
2015-08-10,2.19,2.298,0.2996,0.3106,2.475,2.525,2.298,2.19,0,0,Excel导入缓存,0.3106,0.2996,0,0,Excel导入缓存,2.525,2.475,0,0,Excel导入缓存
2015-08-17,2.295,2.39,0.3106,0.2978,2.52,2.226,2.39,2.295,0,0,Excel导入缓存,0.3106,0.2978,0,0,Excel导入缓存,2.52,2.226,0,0,Excel导入缓存
2015-08-24,2.391,2.334,0.281,0.296,2.112,1.941,2.391,2.334,0,0,Excel导入缓存,0.296,0.281,0,0,Excel导入缓存,2.112,1.941,0,0,Excel导入缓存
2015-08-31,2.335,2.353,0.2956,0.2854,1.901,1.69,2.353,2.335,0,0,Excel导入缓存,0.2956,0.2854,0,0,Excel导入缓存,1.901,1.69,0,0,Excel导入缓存
2015-09-07,2.328,2.287,0.2856,0.2932,1.741,1.922,2.328,2.287,0,0,Excel导入缓存,0.2932,0.2856,0,0,Excel导入缓存,1.922,1.741,0,0,Excel导入缓存
2015-09-14,2.287,2.318,0.2954,0.2958,1.926,1.825,2.318,2.287,0,0,Excel导入缓存,0.2958,0.2954,0,0,Excel导入缓存,1.926,1.825,0,0,Excel导入缓存
2015-09-21,2.329,2.358,0.2916,0.29,1.796,1.845,2.358,2.329,0,0,Excel导入缓存,0.2916,0.29,0,0,Excel导入缓存,1.845,1.796,0,0,Excel导入缓存
2015-09-28,2.345,2.312,0.288,0.2788,1.849,1.935,2.345,2.312,0,0,Excel导入缓存,0.288,0.2788,0,0,Excel导入缓存,1.935,1.849,0,0,Excel导入缓存
2015-10-06,2.335,2.35,0.2902,0.29,2.035,2.103,2.35,2.335,0,0,Excel导入缓存,0.2902,0.29,0,0,Excel导入缓存,2.103,2.035,0,0,Excel导入缓存
2015-10-12,2.37,2.403,0.2904,0.2968,2.113,2.329,2.403,2.37,0,0,Excel导入缓存,0.2968,0.2904,0,0,Excel导入缓存,2.329,2.113,0,0,Excel导入缓存
2015-10-19,2.4,2.402,0.2968,0.3062,2.328,2.427,2.402,2.4,0,0,Excel导入缓存,0.3062,0.2968,0,0,Excel导入缓存,2.427,2.328,0,0,Excel导入缓存
2015-10-26,2.393,2.351,0.3136,0.3138,2.443,2.349,2.393,2.351,0,0,Excel导入缓存,0.3138,0.3136,0,0,Excel导入缓存,2.443,2.349,0,0,Excel导入缓存
2015-11-02,2.333,2.282,0.3128,0.3148,2.273,2.548,2.333,2.282,0,0,Excel导入缓存,0.3148,0.3128,0,0,Excel导入缓存,2.548,2.273,0,0,Excel导入缓存
2015-11-09,2.249,2.23,0.315,0.3086,2.521,2.58,2.249,2.23,0,0,Excel导入缓存,0.315,0.3086,0,0,Excel导入缓存,2.58,2.521,0,0,Excel导入缓存
2015-11-16,2.25,2.234,0.305,0.3162,2.523,2.645,2.25,2.234,0,0,Excel导入缓存,0.3162,0.305,0,0,Excel导入缓存,2.645,2.523,0,0,Excel导入缓存
2015-11-23,2.22,2.206,0.3164,0.3164,2.628,2.496,2.22,2.206,0,0,Excel导入缓存,0.3164,0.3164,0,0,Excel导入缓存,2.628,2.496,0,0,Excel导入缓存
2015-11-30,2.177,2.199,0.3164,0.3144,2.505,2.53,2.199,2.177,0,0,Excel导入缓存,0.3164,0.3144,0,0,Excel导入缓存,2.53,2.505,0,0,Excel导入缓存
2015-12-07,2.239,2.23,0.32,0.317,2.534,2.51,2.239,2.23,0,0,Excel导入缓存,0.32,0.317,0,0,Excel导入缓存,2.534,2.51,0,0,Excel导入缓存
2015-12-14,2.236,2.217,0.3134,0.317,2.489,2.668,2.236,2.217,0,0,Excel导入缓存,0.317,0.3134,0,0,Excel导入缓存,2.668,2.489,0,0,Excel导入缓存
2015-12-21,2.232,2.249,0.314,0.3162,2.654,2.62,2.249,2.232,0,0,Excel导入缓存,0.3162,0.314,0,0,Excel导入缓存,2.654,2.62,0,0,Excel导入缓存
2015-12-28,2.248,2.232,0.3162,0.3234,2.623,2.539,2.248,2.232,0,0,Excel导入缓存,0.3234,0.3162,0,0,Excel导入缓存,2.623,2.539,0,0,Excel导入缓存
2016-01-04,2.235,2.338,0.3234,0.3072,2.531,2.125,2.338,2.235,0,0,Excel导入缓存,0.3234,0.3072,0,0,Excel导入缓存,2.531,2.125,0,0,Excel导入缓存
2016-01-11,2.345,2.305,0.3058,0.296,2.067,1.997,2.345,2.305,0,0,Excel导入缓存,0.3058,0.296,0,0,Excel导入缓存,2.067,1.997,0,0,Excel导入缓存
2016-01-18,2.316,2.335,0.29,0.2916,1.966,2.042,2.335,2.316,0,0,Excel导入缓存,0.2916,0.29,0,0,Excel导入缓存,2.042,1.966,0,0,Excel导入缓存
2016-01-25,2.332,2.363,0.294,0.2916,2.055,1.879,2.363,2.332,0,0,Excel导入缓存,0.294,0.2916,0,0,Excel导入缓存,2.055,1.879,0,0,Excel导入缓存
2016-02-01,2.367,2.453,0.2942,0.2978,1.875,1.999,2.453,2.367,0,0,Excel导入缓存,0.2978,0.2942,0,0,Excel导入缓存,1.999,1.875,0,0,Excel导入缓存
2016-02-15,2.598,2.573,0.2876,0.2892,1.933,2.106,2.598,2.573,0,0,Excel导入缓存,0.2892,0.2876,0,0,Excel导入缓存,2.106,1.933,0,0,Excel导入缓存
2016-02-22,2.574,2.613,0.2892,0.2944,2.134,1.902,2.613,2.574,0,0,Excel导入缓存,0.2944,0.2892,0,0,Excel导入缓存,2.134,1.902,0,0,Excel导入缓存
2016-02-29,2.591,2.652,0.296,0.3016,1.886,1.81,2.652,2.591,0,0,Excel导入缓存,0.3016,0.296,0,0,Excel导入缓存,1.886,1.81,0,0,Excel导入缓存
2016-03-07,2.66,2.65,0.3038,0.2964,1.84,1.834,2.66,2.65,0,0,Excel导入缓存,0.3038,0.2964,0,0,Excel导入缓存,1.84,1.834,0,0,Excel导入缓存
2016-03-14,2.622,2.616,0.3016,0.3028,1.86,2.076,2.622,2.616,0,0,Excel导入缓存,0.3028,0.3016,0,0,Excel导入缓存,2.076,1.86,0,0,Excel导入缓存
2016-03-21,2.599,2.55,0.3032,0.304,2.1,2.099,2.599,2.55,0,0,Excel导入缓存,0.304,0.3032,0,0,Excel导入缓存,2.1,2.099,0,0,Excel导入缓存
2016-03-28,2.539,2.565,0.3032,0.3054,2.117,2.097,2.565,2.539,0,0,Excel导入缓存,0.3054,0.3032,0,0,Excel导入缓存,2.117,2.097,0,0,Excel导入缓存
2016-04-05,2.548,2.572,0.3062,0.3072,2.093,2.125,2.572,2.548,0,0,Excel导入缓存,0.3072,0.3062,0,0,Excel导入缓存,2.125,2.093,0,0,Excel导入缓存
2016-04-11,2.592,2.562,0.3072,0.3108,2.148,2.195,2.592,2.562,0,0,Excel导入缓存,0.3108,0.3072,0,0,Excel导入缓存,2.195,2.148,0,0,Excel导入缓存
2016-04-18,2.57,2.594,0.3106,0.3094,2.176,2.038,2.594,2.57,0,0,Excel导入缓存,0.3106,0.3094,0,0,Excel导入缓存,2.176,2.038,0,0,Excel导入缓存
2016-04-25,2.571,2.661,0.3066,0.301,2.027,2.033,2.661,2.571,0,0,Excel导入缓存,0.3066,0.301,0,0,Excel导入缓存,2.033,2.027,0,0,Excel导入缓存
2016-05-02,2.7,2.682,0.301,0.2988,2.036,2.018,2.7,2.682,0,0,Excel导入缓存,0.301,0.2988,0,0,Excel导入缓存,2.036,2.018,0,0,Excel导入缓存
2016-05-09,2.686,2.683,0.2988,0.2996,2.002,1.92,2.686,2.683,0,0,Excel导入缓存,0.2996,0.2988,0,0,Excel导入缓存,2.002,1.92,0,0,Excel导入缓存
2016-05-16,2.682,2.639,0.2996,0.3004,1.914,1.961,2.682,2.639,0,0,Excel导入缓存,0.3004,0.2996,0,0,Excel导入缓存,1.961,1.914,0,0,Excel导入缓存
2016-05-23,2.644,2.58,0.302,0.3106,1.967,1.968,2.644,2.58,0,0,Excel导入缓存,0.3106,0.302,0,0,Excel导入缓存,1.968,1.967,0,0,Excel导入缓存
2016-05-30,2.55,2.573,0.311,0.3138,1.964,2.109,2.573,2.55,0,0,Excel导入缓存,0.3138,0.311,0,0,Excel导入缓存,2.109,1.964,0,0,Excel导入缓存
2016-06-06,2.625,2.646,0.313,0.312,2.109,2.092,2.646,2.625,0,0,Excel导入缓存,0.313,0.312,0,0,Excel导入缓存,2.109,2.092,0,0,Excel导入缓存
2016-06-13,2.693,2.714,0.311,0.31,2.065,2.034,2.714,2.693,0,0,Excel导入缓存,0.311,0.31,0,0,Excel导入缓存,2.065,2.034,0,0,Excel导入缓存
2016-06-20,2.72,2.804,0.31,0.306,2.033,2.043,2.804,2.72,0,0,Excel导入缓存,0.31,0.306,0,0,Excel导入缓存,2.043,2.033,0,0,Excel导入缓存
2016-06-27,2.827,2.859,0.3018,0.31,2.03,2.116,2.859,2.827,0,0,Excel导入缓存,0.31,0.3018,0,0,Excel导入缓存,2.116,2.03,0,0,Excel导入缓存
2016-07-04,2.904,2.918,0.3104,0.314,2.103,2.145,2.918,2.904,0,0,Excel导入缓存,0.314,0.3104,0,0,Excel导入缓存,2.145,2.103,0,0,Excel导入缓存
2016-07-11,2.945,2.876,0.3168,0.3242,2.147,2.164,2.945,2.876,0,0,Excel导入缓存,0.3242,0.3168,0,0,Excel导入缓存,2.164,2.147,0,0,Excel导入缓存
2016-07-18,2.864,2.845,0.324,0.3274,2.162,2.154,2.864,2.845,0,0,Excel导入缓存,0.3274,0.324,0,0,Excel导入缓存,2.162,2.154,0,0,Excel导入缓存
2016-07-25,2.826,2.859,0.3284,0.333,2.147,2.031,2.859,2.826,0,0,Excel导入缓存,0.333,0.3284,0,0,Excel导入缓存,2.147,2.031,0,0,Excel导入缓存
2016-08-01,2.881,2.918,0.3484,0.3336,2.024,2.022,2.918,2.881,0,0,Excel导入缓存,0.3484,0.3336,0,0,Excel导入缓存,2.024,2.022,0,0,Excel导入缓存
2016-08-08,2.869,2.87,0.3356,0.3408,2.019,2.035,2.87,2.869,0,0,Excel导入缓存,0.3408,0.3356,0,0,Excel导入缓存,2.035,2.019,0,0,Excel导入缓存
2016-08-15,2.864,2.877,0.3402,0.3382,2.035,2.112,2.877,2.864,0,0,Excel导入缓存,0.3402,0.3382,0,0,Excel导入缓存,2.112,2.035,0,0,Excel导入缓存
2016-08-22,2.859,2.841,0.3378,0.3398,2.112,2.095,2.859,2.841,0,0,Excel导入缓存,0.3398,0.3378,0,0,Excel导入缓存,2.112,2.095,0,0,Excel导入缓存
2016-08-29,2.83,2.821,0.3398,0.3388,2.089,2.081,2.83,2.821,0,0,Excel导入缓存,0.3398,0.3388,0,0,Excel导入缓存,2.089,2.081,0,0,Excel导入缓存
2016-09-05,2.843,2.871,0.3418,0.343,2.081,2.109,2.871,2.843,0,0,Excel导入缓存,0.343,0.3418,0,0,Excel导入缓存,2.109,2.081,0,0,Excel导入缓存
2016-09-12,2.855,2.843,0.336,0.3344,2.075,2.051,2.855,2.843,0,0,Excel导入缓存,0.336,0.3344,0,0,Excel导入缓存,2.075,2.051,0,0,Excel导入缓存
2016-09-19,2.826,2.863,0.3372,0.3546,2.054,2.065,2.863,2.826,0,0,Excel导入缓存,0.3546,0.3372,0,0,Excel导入缓存,2.065,2.054,0,0,Excel导入缓存
2016-09-26,2.869,2.843,0.3472,0.3414,2.061,2.062,2.869,2.843,0,0,Excel导入缓存,0.3472,0.3414,0,0,Excel导入缓存,2.062,2.061,0,0,Excel导入缓存
2016-10-10,2.729,2.724,0.3428,0.3468,2.071,2.104,2.729,2.724,0,0,Excel导入缓存,0.3468,0.3428,0,0,Excel导入缓存,2.104,2.071,0,0,Excel导入缓存
2016-10-17,2.722,2.752,0.3468,0.3456,2.104,2.09,2.752,2.722,0,0,Excel导入缓存,0.3468,0.3456,0,0,Excel导入缓存,2.104,2.09,0,0,Excel导入缓存
2016-10-24,2.756,2.775,0.3458,0.3474,2.09,2.071,2.775,2.756,0,0,Excel导入缓存,0.3474,0.3458,0,0,Excel导入缓存,2.09,2.071,0,0,Excel导入缓存
2016-10-31,2.787,2.805,0.3466,0.3412,2.07,2.056,2.805,2.787,0,0,Excel导入缓存,0.3466,0.3412,0,0,Excel导入缓存,2.07,2.056,0,0,Excel导入缓存
2016-11-07,2.806,2.768,0.3418,0.3418,2.054,2.06,2.806,2.768,0,0,Excel导入缓存,0.3418,0.3418,0,0,Excel导入缓存,2.06,2.054,0,0,Excel导入缓存
2016-11-14,2.675,2.687,0.3426,0.352,2.057,2.07,2.687,2.675,0,0,Excel导入缓存,0.352,0.3426,0,0,Excel导入缓存,2.07,2.057,0,0,Excel导入缓存
2016-11-21,2.696,2.66,0.3506,0.36,2.065,2.076,2.696,2.66,0,0,Excel导入缓存,0.36,0.3506,0,0,Excel导入缓存,2.076,2.065,0,0,Excel导入缓存
2016-11-28,2.687,2.639,0.36,0.351,2.079,2.055,2.687,2.639,0,0,Excel导入缓存,0.36,0.351,0,0,Excel导入缓存,2.079,2.055,0,0,Excel导入缓存
2016-12-05,2.64,2.643,0.351,0.357,2.045,2.013,2.643,2.64,0,0,Excel导入缓存,0.357,0.351,0,0,Excel导入缓存,2.045,2.013,0,0,Excel导入缓存
2016-12-12,2.64,2.602,0.358,0.364,2.01,1.908,2.64,2.602,0,0,Excel导入缓存,0.364,0.358,0,0,Excel导入缓存,2.01,1.908,0,0,Excel导入缓存
2016-12-19,2.614,2.583,0.3634,0.3672,1.907,1.874,2.614,2.583,0,0,Excel导入缓存,0.3672,0.3634,0,0,Excel导入缓存,1.907,1.874,0,0,Excel导入缓存
2016-12-26,2.586,2.636,0.3678,0.3634,1.869,1.881,2.636,2.586,0,0,Excel导入缓存,0.3678,0.3634,0,0,Excel导入缓存,1.881,1.869,0,0,Excel导入缓存
2017-01-02,2.635,2.633,0.3612,0.3624,1.882,1.886,2.635,2.633,0,0,Excel导入缓存,0.3624,0.3612,0,0,Excel导入缓存,1.886,1.882,0,0,Excel导入缓存
2017-01-09,2.638,2.663,0.3644,0.3674,1.883,1.82,2.663,2.638,0,0,Excel导入缓存,0.3674,0.3644,0,0,Excel导入缓存,1.883,1.82,0,0,Excel导入缓存
2017-01-16,2.667,2.668,0.3678,0.3664,1.82,1.801,2.668,2.667,0,0,Excel导入缓存,0.3678,0.3664,0,0,Excel导入缓存,1.82,1.801,0,0,Excel导入缓存
2017-01-23,2.686,2.641,0.366,0.3762,1.798,1.804,2.686,2.641,0,0,Excel导入缓存,0.3762,0.366,0,0,Excel导入缓存,1.804,1.798,0,0,Excel导入缓存
2017-02-02,2.678,2.675,0.3728,0.3736,1.806,1.802,2.678,2.675,0,0,Excel导入缓存,0.3736,0.3728,0,0,Excel导入缓存,1.806,1.802,0,0,Excel导入缓存
2017-02-06,2.696,2.713,0.3742,0.3826,1.799,1.824,2.713,2.696,0,0,Excel导入缓存,0.3826,0.3742,0,0,Excel导入缓存,1.824,1.799,0,0,Excel导入缓存
2017-02-13,2.725,2.736,0.3836,0.386,1.82,1.801,2.736,2.725,0,0,Excel导入缓存,0.386,0.3836,0,0,Excel导入缓存,1.82,1.801,0,0,Excel导入缓存
2017-02-20,2.73,2.775,0.387,0.3916,1.804,1.859,2.775,2.73,0,0,Excel导入缓存,0.3916,0.387,0,0,Excel导入缓存,1.859,1.804,0,0,Excel导入缓存
2017-02-27,2.781,2.737,0.3916,0.3954,1.859,1.849,2.781,2.737,0,0,Excel导入缓存,0.3954,0.3916,0,0,Excel导入缓存,1.859,1.849,0,0,Excel导入缓存
2017-03-06,2.743,2.691,0.3954,0.3992,1.848,1.868,2.743,2.691,0,0,Excel导入缓存,0.3992,0.3954,0,0,Excel导入缓存,1.868,1.848,0,0,Excel导入缓存
2017-03-13,2.702,2.753,0.4008,0.4066,1.864,1.862,2.753,2.702,0,0,Excel导入缓存,0.4066,0.4008,0,0,Excel导入缓存,1.864,1.862,0,0,Excel导入缓存
2017-03-20,2.759,2.773,0.4068,0.3912,1.863,1.882,2.773,2.759,0,0,Excel导入缓存,0.4068,0.3912,0,0,Excel导入缓存,1.882,1.863,0,0,Excel导入缓存
2017-03-27,2.796,2.761,0.3906,0.4014,1.878,1.826,2.796,2.761,0,0,Excel导入缓存,0.4014,0.3906,0,0,Excel导入缓存,1.878,1.826,0,0,Excel导入缓存
2017-04-04,2.784,2.82,0.4,0.3926,1.831,1.865,2.82,2.784,0,0,Excel导入缓存,0.4,0.3926,0,0,Excel导入缓存,1.865,1.831,0,0,Excel导入缓存
2017-04-10,2.799,2.859,0.3928,0.387,1.865,1.81,2.859,2.799,0,0,Excel导入缓存,0.3928,0.387,0,0,Excel导入缓存,1.865,1.81,0,0,Excel导入缓存
2017-04-17,2.861,2.827,0.3864,0.3938,1.806,1.761,2.861,2.827,0,0,Excel导入缓存,0.3938,0.3864,0,0,Excel导入缓存,1.806,1.761,0,0,Excel导入缓存
2017-04-24,2.825,2.813,0.394,0.404,1.759,1.777,2.825,2.813,0,0,Excel导入缓存,0.404,0.394,0,0,Excel导入缓存,1.777,1.759,0,0,Excel导入缓存
2017-05-02,2.792,2.745,0.407,0.4062,1.775,1.743,2.792,2.745,0,0,Excel导入缓存,0.407,0.4062,0,0,Excel导入缓存,1.775,1.743,0,0,Excel导入缓存
2017-05-08,2.745,2.739,0.408,0.4106,1.735,1.698,2.745,2.739,0,0,Excel导入缓存,0.4106,0.408,0,0,Excel导入缓存,1.735,1.698,0,0,Excel导入缓存
2017-05-15,2.74,2.785,0.4108,0.4066,1.701,1.725,2.785,2.74,0,0,Excel导入缓存,0.4108,0.4066,0,0,Excel导入缓存,1.725,1.701,0,0,Excel导入缓存
2017-05-22,2.785,2.787,0.4084,0.4218,1.723,1.689,2.787,2.785,0,0,Excel导入缓存,0.4218,0.4084,0,0,Excel导入缓存,1.723,1.689,0,0,Excel导入缓存
2017-05-31,2.786,2.771,0.4216,0.4234,1.719,1.678,2.786,2.771,0,0,Excel导入缓存,0.4234,0.4216,0,0,Excel导入缓存,1.719,1.678,0,0,Excel导入缓存
2017-06-05,2.81,2.779,0.428,0.4248,1.681,1.725,2.81,2.779,0,0,Excel导入缓存,0.428,0.4248,0,0,Excel导入缓存,1.725,1.681,0,0,Excel导入缓存
2017-06-12,2.77,2.754,0.4152,0.4102,1.715,1.739,2.77,2.754,0,0,Excel导入缓存,0.4152,0.4102,0,0,Excel导入缓存,1.739,1.715,0,0,Excel导入缓存
2017-06-19,2.754,2.765,0.4098,0.4142,1.737,1.737,2.765,2.754,0,0,Excel导入缓存,0.4142,0.4098,0,0,Excel导入缓存,1.737,1.737,0,0,Excel导入缓存
2017-06-26,2.766,2.715,0.4156,0.4028,1.734,1.748,2.766,2.715,0,0,Excel导入缓存,0.4156,0.4028,0,0,Excel导入缓存,1.748,1.734,0,0,Excel导入缓存
2017-07-03,2.709,2.687,0.4024,0.3996,1.747,1.75,2.709,2.687,0,0,Excel导入缓存,0.4024,0.3996,0,0,Excel导入缓存,1.75,1.747,0,0,Excel导入缓存
2017-07-10,2.663,2.675,0.4026,0.4114,1.745,1.662,2.675,2.663,0,0,Excel导入缓存,0.4114,0.4026,0,0,Excel导入缓存,1.745,1.662,0,0,Excel导入缓存
2017-07-17,2.698,2.725,0.4138,0.4188,1.647,1.591,2.725,2.698,0,0,Excel导入缓存,0.4188,0.4138,0,0,Excel导入缓存,1.647,1.591,0,0,Excel导入缓存
2017-07-24,2.739,2.735,0.4188,0.416,1.589,1.647,2.739,2.735,0,0,Excel导入缓存,0.4188,0.416,0,0,Excel导入缓存,1.647,1.589,0,0,Excel导入缓存
2017-07-31,2.749,2.749,0.4162,0.415,1.645,1.636,2.749,2.749,0,0,Excel导入缓存,0.4162,0.415,0,0,Excel导入缓存,1.645,1.636,0,0,Excel导入缓存
2017-08-07,2.727,2.761,0.4154,0.4062,1.636,1.659,2.761,2.727,0,0,Excel导入缓存,0.4154,0.4062,0,0,Excel导入缓存,1.659,1.636,0,0,Excel导入缓存
2017-08-14,2.761,2.763,0.408,0.4088,1.664,1.733,2.763,2.761,0,0,Excel导入缓存,0.4088,0.408,0,0,Excel导入缓存,1.733,1.664,0,0,Excel导入缓存
2017-08-21,2.751,2.749,0.4082,0.41,1.737,1.723,2.751,2.749,0,0,Excel导入缓存,0.41,0.4082,0,0,Excel导入缓存,1.737,1.723,0,0,Excel导入缓存
2017-08-28,2.757,2.774,0.4098,0.4138,1.729,1.776,2.774,2.757,0,0,Excel导入缓存,0.4138,0.4098,0,0,Excel导入缓存,1.776,1.729,0,0,Excel导入缓存
2017-09-04,2.794,2.794,0.4118,0.4078,1.773,1.791,2.794,2.794,0,0,Excel导入缓存,0.4118,0.4078,0,0,Excel导入缓存,1.791,1.773,0,0,Excel导入缓存
2017-09-11,2.783,2.781,0.407,0.4098,1.79,1.782,2.783,2.781,0,0,Excel导入缓存,0.4098,0.407,0,0,Excel导入缓存,1.79,1.782,0,0,Excel导入缓存
2017-09-18,2.77,2.738,0.4102,0.4102,1.782,1.773,2.77,2.738,0,0,Excel导入缓存,0.4102,0.4102,0,0,Excel导入缓存,1.782,1.773,0,0,Excel导入缓存
2017-09-25,2.735,2.743,0.411,0.4142,1.77,1.78,2.743,2.735,0,0,Excel导入缓存,0.4142,0.411,0,0,Excel导入缓存,1.78,1.77,0,0,Excel导入缓存
2017-10-09,2.732,2.734,0.4208,0.4204,1.797,1.84,2.734,2.732,0,0,Excel导入缓存,0.4208,0.4204,0,0,Excel导入缓存,1.84,1.797,0,0,Excel导入缓存
2017-10-16,2.742,2.724,0.4212,0.4246,1.84,1.794,2.742,2.724,0,0,Excel导入缓存,0.4246,0.4212,0,0,Excel导入缓存,1.84,1.794,0,0,Excel导入缓存
2017-10-23,2.71,2.706,0.425,0.425,1.791,1.801,2.71,2.706,0,0,Excel导入缓存,0.425,0.425,0,0,Excel导入缓存,1.801,1.791,0,0,Excel导入缓存
2017-10-30,2.711,2.713,0.4324,0.4358,1.801,1.732,2.713,2.711,0,0,Excel导入缓存,0.4358,0.4324,0,0,Excel导入缓存,1.801,1.732,0,0,Excel导入缓存
2017-11-06,2.709,2.735,0.4372,0.4392,1.732,1.8,2.735,2.709,0,0,Excel导入缓存,0.4392,0.4372,0,0,Excel导入缓存,1.8,1.732,0,0,Excel导入缓存
2017-11-13,2.728,2.728,0.4388,0.4406,1.799,1.723,2.728,2.728,0,0,Excel导入缓存,0.4406,0.4388,0,0,Excel导入缓存,1.799,1.723,0,0,Excel导入缓存
2017-11-20,2.742,2.733,0.44,0.4414,1.719,1.678,2.742,2.733,0,0,Excel导入缓存,0.4414,0.44,0,0,Excel导入缓存,1.719,1.678,0,0,Excel导入缓存
2017-11-27,2.727,2.703,0.442,0.4484,1.671,1.687,2.727,2.703,0,0,Excel导入缓存,0.4484,0.442,0,0,Excel导入缓存,1.687,1.671,0,0,Excel导入缓存
2017-12-04,2.701,2.651,0.4482,0.442,1.683,1.675,2.701,2.651,0,0,Excel导入缓存,0.4482,0.442,0,0,Excel导入缓存,1.683,1.675,0,0,Excel导入缓存
2017-12-11,2.65,2.673,0.4422,0.4464,1.682,1.673,2.673,2.65,0,0,Excel导入缓存,0.4464,0.4422,0,0,Excel导入缓存,1.682,1.673,0,0,Excel导入缓存
2017-12-18,2.673,2.678,0.4514,0.454,1.673,1.663,2.678,2.673,0,0,Excel导入缓存,0.454,0.4514,0,0,Excel导入缓存,1.673,1.663,0,0,Excel导入缓存
2017-12-25,2.691,2.71,0.453,0.4458,1.662,1.644,2.71,2.691,0,0,Excel导入缓存,0.453,0.4458,0,0,Excel导入缓存,1.662,1.644,0,0,Excel导入缓存
2018-01-02,2.722,2.728,0.4438,0.4502,1.65,1.696,2.728,2.722,0,0,Excel导入缓存,0.4502,0.4438,0,0,Excel导入缓存,1.696,1.65,0,0,Excel导入缓存
2018-01-08,2.73,2.774,0.4526,0.4624,1.694,1.685,2.774,2.73,0,0,Excel导入缓存,0.4624,0.4526,0,0,Excel导入缓存,1.694,1.685,0,0,Excel导入缓存
2018-01-15,2.783,2.751,0.4622,0.4626,1.68,1.63,2.783,2.751,0,0,Excel导入缓存,0.4626,0.4622,0,0,Excel导入缓存,1.68,1.63,0,0,Excel导入缓存
2018-01-22,2.758,2.767,0.4636,0.464,1.623,1.72,2.767,2.758,0,0,Excel导入缓存,0.464,0.4636,0,0,Excel导入缓存,1.72,1.623,0,0,Excel导入缓存
2018-01-29,2.759,2.732,0.4682,0.4588,1.72,1.607,2.759,2.732,0,0,Excel导入缓存,0.4682,0.4588,0,0,Excel导入缓存,1.72,1.607,0,0,Excel导入缓存
2018-02-05,2.712,2.691,0.449,0.4184,1.586,1.502,2.712,2.691,0,0,Excel导入缓存,0.449,0.4184,0,0,Excel导入缓存,1.586,1.502,0,0,Excel导入缓存
2018-02-12,2.683,2.731,0.4228,0.4386,1.515,1.549,2.731,2.683,0,0,Excel导入缓存,0.4386,0.4228,0,0,Excel导入缓存,1.549,1.515,0,0,Excel导入缓存
2018-02-22,2.707,2.712,0.4462,0.4512,1.563,1.572,2.712,2.707,0,0,Excel导入缓存,0.4512,0.4462,0,0,Excel导入缓存,1.572,1.563,0,0,Excel导入缓存
2018-02-26,2.714,2.701,0.4564,0.4506,1.585,1.669,2.714,2.701,0,0,Excel导入缓存,0.4564,0.4506,0,0,Excel导入缓存,1.669,1.585,0,0,Excel导入缓存
2018-03-05,2.71,2.701,0.4542,0.464,1.678,1.755,2.71,2.701,0,0,Excel导入缓存,0.464,0.4542,0,0,Excel导入缓存,1.755,1.678,0,0,Excel导入缓存
2018-03-12,2.701,2.687,0.474,0.4676,1.773,1.716,2.701,2.687,0,0,Excel导入缓存,0.474,0.4676,0,0,Excel导入缓存,1.773,1.716,0,0,Excel导入缓存
2018-03-19,2.682,2.742,0.4676,0.4416,1.712,1.622,2.742,2.682,0,0,Excel导入缓存,0.4676,0.4416,0,0,Excel导入缓存,1.712,1.622,0,0,Excel导入缓存
2018-03-26,2.743,2.693,0.4324,0.4386,1.609,1.791,2.743,2.693,0,0,Excel导入缓存,0.4386,0.4324,0,0,Excel导入缓存,1.791,1.609,0,0,Excel导入缓存
2018-04-02,2.698,2.712,0.4378,0.426,1.805,1.732,2.712,2.698,0,0,Excel导入缓存,0.4378,0.426,0,0,Excel导入缓存,1.805,1.732,0,0,Excel导入缓存
2018-04-09,2.707,2.714,0.4264,0.4406,1.732,1.721,2.714,2.707,0,0,Excel导入缓存,0.4406,0.4264,0,0,Excel导入缓存,1.732,1.721,0,0,Excel导入缓存
2018-04-16,2.728,2.721,0.439,0.447,1.722,1.684,2.728,2.721,0,0,Excel导入缓存,0.447,0.439,0,0,Excel导入缓存,1.722,1.684,0,0,Excel导入缓存
2018-04-23,2.707,2.692,0.4418,0.447,1.684,1.707,2.707,2.692,0,0,Excel导入缓存,0.447,0.4418,0,0,Excel导入缓存,1.707,1.684,0,0,Excel导入缓存
2018-05-02,2.681,2.687,0.447,0.4456,1.711,1.712,2.687,2.681,0,0,Excel导入缓存,0.447,0.4456,0,0,Excel导入缓存,1.712,1.711,0,0,Excel导入缓存
2018-05-07,2.7,2.694,0.454,0.4632,1.717,1.734,2.7,2.694,0,0,Excel导入缓存,0.4632,0.454,0,0,Excel导入缓存,1.734,1.717,0,0,Excel导入缓存
2018-05-14,2.694,2.644,0.4634,0.4616,1.732,1.731,2.694,2.644,0,0,Excel导入缓存,0.4634,0.4616,0,0,Excel导入缓存,1.732,1.731,0,0,Excel导入缓存
2018-05-21,2.649,2.678,0.462,0.4656,1.742,1.705,2.678,2.649,0,0,Excel导入缓存,0.4656,0.462,0,0,Excel导入缓存,1.742,1.705,0,0,Excel导入缓存
2018-05-28,2.67,2.679,0.4654,0.4684,1.702,1.62,2.679,2.67,0,0,Excel导入缓存,0.4684,0.4654,0,0,Excel导入缓存,1.702,1.62,0,0,Excel导入缓存
2018-06-04,2.671,2.664,0.475,0.4808,1.624,1.62,2.671,2.664,0,0,Excel导入缓存,0.4808,0.475,0,0,Excel导入缓存,1.624,1.62,0,0,Excel导入缓存
2018-06-11,2.67,2.681,0.481,0.4944,1.617,1.554,2.681,2.67,0,0,Excel导入缓存,0.4944,0.481,0,0,Excel导入缓存,1.617,1.554,0,0,Excel导入缓存
2018-06-19,2.678,2.653,0.4944,0.4974,1.535,1.466,2.678,2.653,0,0,Excel导入缓存,0.4974,0.4944,0,0,Excel导入缓存,1.535,1.466,0,0,Excel导入缓存
2018-06-25,2.663,2.662,0.494,0.4898,1.479,1.524,2.663,2.662,0,0,Excel导入缓存,0.494,0.4898,0,0,Excel导入缓存,1.524,1.479,0,0,Excel导入缓存
2018-07-02,2.665,2.68,0.4896,0.4996,1.522,1.464,2.68,2.665,0,0,Excel导入缓存,0.4996,0.4896,0,0,Excel导入缓存,1.522,1.464,0,0,Excel导入缓存
2018-07-09,2.678,2.665,0.5078,0.5206,1.474,1.542,2.678,2.665,0,0,Excel导入缓存,0.5206,0.5078,0,0,Excel导入缓存,1.542,1.474,0,0,Excel导入缓存
2018-07-16,2.668,2.655,0.52,0.5222,1.536,1.535,2.668,2.655,0,0,Excel导入缓存,0.5222,0.52,0,0,Excel导入缓存,1.536,1.535,0,0,Excel导入缓存
2018-07-23,2.667,2.67,0.5192,0.5336,1.534,1.518,2.67,2.667,0,0,Excel导入缓存,0.5336,0.5192,0,0,Excel导入缓存,1.534,1.518,0,0,Excel导入缓存
2018-07-30,2.67,2.663,0.5226,0.541,1.514,1.414,2.67,2.663,0,0,Excel导入缓存,0.541,0.5226,0,0,Excel导入缓存,1.514,1.414,0,0,Excel导入缓存
2018-08-06,2.665,2.656,0.5382,0.5334,1.405,1.437,2.665,2.656,0,0,Excel导入缓存,0.5382,0.5334,0,0,Excel导入缓存,1.437,1.405,0,0,Excel导入缓存
2018-08-13,2.664,2.599,0.5298,0.5338,1.422,1.369,2.664,2.599,0,0,Excel导入缓存,0.5338,0.5298,0,0,Excel导入缓存,1.422,1.369,0,0,Excel导入缓存
2018-08-20,2.608,2.628,0.5344,0.5334,1.363,1.382,2.628,2.608,0,0,Excel导入缓存,0.5344,0.5334,0,0,Excel导入缓存,1.382,1.363,0,0,Excel导入缓存
2018-08-27,2.638,2.646,0.5356,0.548,1.387,1.369,2.646,2.638,0,0,Excel导入缓存,0.548,0.5356,0,0,Excel导入缓存,1.387,1.369,0,0,Excel导入缓存
2018-09-03,2.64,2.642,0.5486,0.5326,1.364,1.36,2.642,2.64,0,0,Excel导入缓存,0.5486,0.5326,0,0,Excel导入缓存,1.364,1.36,0,0,Excel导入缓存
2018-09-10,2.637,2.656,0.532,0.5442,1.353,1.304,2.656,2.637,0,0,Excel导入缓存,0.5442,0.532,0,0,Excel导入缓存,1.353,1.304,0,0,Excel导入缓存
2018-09-17,2.645,2.658,0.5428,0.544,1.296,1.343,2.658,2.645,0,0,Excel导入缓存,0.544,0.5428,0,0,Excel导入缓存,1.343,1.296,0,0,Excel导入缓存
2018-09-25,2.648,2.624,0.5404,0.5508,1.333,1.346,2.648,2.624,0,0,Excel导入缓存,0.5508,0.5404,0,0,Excel导入缓存,1.346,1.333,0,0,Excel导入缓存
2018-10-08,2.65,2.701,0.5324,0.5124,1.317,1.206,2.701,2.65,0,0,Excel导入缓存,0.5324,0.5124,0,0,Excel导入缓存,1.317,1.206,0,0,Excel导入缓存
2018-10-15,2.715,2.735,0.515,0.5196,1.205,1.189,2.735,2.715,0,0,Excel导入缓存,0.5196,0.515,0,0,Excel导入缓存,1.205,1.189,0,0,Excel导入缓存
2018-10-22,2.732,2.758,0.5152,0.4976,1.22,1.203,2.758,2.732,0,0,Excel导入缓存,0.5152,0.4976,0,0,Excel导入缓存,1.22,1.203,0,0,Excel导入缓存
2018-10-29,2.758,2.731,0.498,0.5098,1.205,1.291,2.758,2.731,0,0,Excel导入缓存,0.5098,0.498,0,0,Excel导入缓存,1.291,1.205,0,0,Excel导入缓存
2018-11-05,2.731,2.719,0.5018,0.5148,1.284,1.26,2.731,2.719,0,0,Excel导入缓存,0.5148,0.5018,0,0,Excel导入缓存,1.284,1.26,0,0,Excel导入缓存
2018-11-12,2.702,2.707,0.5096,0.4946,1.258,1.332,2.707,2.702,0,0,Excel导入缓存,0.5096,0.4946,0,0,Excel导入缓存,1.332,1.258,0,0,Excel导入缓存
2018-11-19,2.718,2.731,0.4944,0.4722,1.328,1.248,2.731,2.718,0,0,Excel导入缓存,0.4944,0.4722,0,0,Excel导入缓存,1.328,1.248,0,0,Excel导入缓存
2018-11-26,2.727,2.732,0.4726,0.4986,1.247,1.264,2.732,2.727,0,0,Excel导入缓存,0.4986,0.4726,0,0,Excel导入缓存,1.264,1.247,0,0,Excel导入缓存
2018-12-03,2.721,2.738,0.5112,0.4882,1.301,1.275,2.738,2.721,0,0,Excel导入缓存,0.5112,0.4882,0,0,Excel导入缓存,1.301,1.275,0,0,Excel导入缓存
2018-12-10,2.758,2.743,0.4736,0.482,1.269,1.248,2.758,2.743,0,0,Excel导入缓存,0.482,0.4736,0,0,Excel导入缓存,1.269,1.248,0,0,Excel导入缓存
2018-12-17,2.744,2.788,0.477,0.4534,1.242,1.213,2.788,2.744,0,0,Excel导入缓存,0.477,0.4534,0,0,Excel导入缓存,1.242,1.213,0,0,Excel导入缓存
2018-12-24,2.798,2.826,0.4404,0.4488,1.212,1.194,2.826,2.798,0,0,Excel导入缓存,0.4488,0.4404,0,0,Excel导入缓存,1.212,1.194,0,0,Excel导入缓存
2018-12-31,2.821,2.855,0.4536,0.445,1.198,1.195,2.855,2.821,0,0,Excel导入缓存,0.4536,0.445,0,0,Excel导入缓存,1.198,1.195,0,0,Excel导入缓存
2019-01-07,2.84,2.805,0.461,0.4656,1.197,1.209,2.84,2.805,0,0,Excel导入缓存,0.4656,0.461,0,0,Excel导入缓存,1.209,1.197,0,0,Excel导入缓存
2019-01-14,2.8,2.811,0.4638,0.4758,1.21,1.216,2.811,2.8,0,0,Excel导入缓存,0.4758,0.4638,0,0,Excel导入缓存,1.216,1.21,0,0,Excel导入缓存
2019-01-21,2.799,2.796,0.4768,0.4746,1.218,1.214,2.799,2.796,0,0,Excel导入缓存,0.4768,0.4746,0,0,Excel导入缓存,1.218,1.214,0,0,Excel导入缓存
2019-01-28,2.819,2.853,0.4788,0.4854,1.22,1.221,2.853,2.819,0,0,Excel导入缓存,0.4854,0.4788,0,0,Excel导入缓存,1.221,1.22,0,0,Excel导入缓存
2019-02-11,2.847,2.861,0.4844,0.492,1.223,1.302,2.861,2.847,0,0,Excel导入缓存,0.492,0.4844,0,0,Excel导入缓存,1.302,1.223,0,0,Excel导入缓存
2019-02-18,2.872,2.861,0.496,0.4928,1.31,1.406,2.872,2.861,0,0,Excel导入缓存,0.496,0.4928,0,0,Excel导入缓存,1.406,1.31,0,0,Excel导入缓存
2019-02-25,2.853,2.827,0.495,0.4972,1.432,1.5,2.853,2.827,0,0,Excel导入缓存,0.4972,0.495,0,0,Excel导入缓存,1.5,1.432,0,0,Excel导入缓存
2019-03-04,2.798,2.8,0.5008,0.4882,1.526,1.584,2.8,2.798,0,0,Excel导入缓存,0.5008,0.4882,0,0,Excel导入缓存,1.584,1.526,0,0,Excel导入缓存
2019-03-11,2.809,2.811,0.4894,0.5082,1.6,1.589,2.811,2.809,0,0,Excel导入缓存,0.5082,0.4894,0,0,Excel导入缓存,1.6,1.589,0,0,Excel导入缓存
2019-03-18,2.807,2.833,0.5094,0.523,1.598,1.621,2.833,2.807,0,0,Excel导入缓存,0.523,0.5094,0,0,Excel导入缓存,1.621,1.598,0,0,Excel导入缓存
2019-03-25,2.849,2.789,0.5088,0.5138,1.594,1.624,2.849,2.789,0,0,Excel导入缓存,0.5138,0.5088,0,0,Excel导入缓存,1.624,1.594,0,0,Excel导入缓存
2019-04-01,2.789,2.798,0.5174,0.527,1.635,1.701,2.798,2.789,0,0,Excel导入缓存,0.527,0.5174,0,0,Excel导入缓存,1.701,1.635,0,0,Excel导入缓存
2019-04-08,2.8,2.8,0.5296,0.5306,1.709,1.624,2.8,2.8,0,0,Excel导入缓存,0.5306,0.5296,0,0,Excel导入缓存,1.709,1.624,0,0,Excel导入缓存
2019-04-15,2.789,2.763,0.532,0.5354,1.647,1.645,2.789,2.763,0,0,Excel导入缓存,0.5354,0.532,0,0,Excel导入缓存,1.647,1.645,0,0,Excel导入缓存
2019-04-22,2.765,2.773,0.5362,0.556,1.645,1.589,2.773,2.765,0,0,Excel导入缓存,0.556,0.5362,0,0,Excel导入缓存,1.645,1.589,0,0,Excel导入缓存
2019-04-29,2.778,2.777,0.5576,0.5616,1.589,1.553,2.778,2.777,0,0,Excel导入缓存,0.5616,0.5576,0,0,Excel导入缓存,1.589,1.553,0,0,Excel导入缓存
2019-05-06,2.798,2.808,0.5562,0.5382,1.496,1.465,2.808,2.798,0,0,Excel导入缓存,0.5562,0.5382,0,0,Excel导入缓存,1.496,1.465,0,0,Excel导入缓存
2019-05-13,2.821,2.854,0.5354,0.5418,1.448,1.416,2.854,2.821,0,0,Excel导入缓存,0.5418,0.5354,0,0,Excel导入缓存,1.448,1.416,0,0,Excel导入缓存
2019-05-20,2.839,2.856,0.5392,0.5264,1.412,1.384,2.856,2.839,0,0,Excel导入缓存,0.5392,0.5264,0,0,Excel导入缓存,1.412,1.384,0,0,Excel导入缓存
2019-05-27,2.858,2.878,0.523,0.5144,1.387,1.425,2.878,2.858,0,0,Excel导入缓存,0.523,0.5144,0,0,Excel导入缓存,1.425,1.387,0,0,Excel导入缓存
2019-06-03,2.906,2.962,0.5088,0.517,1.428,1.363,2.962,2.906,0,0,Excel导入缓存,0.517,0.5088,0,0,Excel导入缓存,1.428,1.363,0,0,Excel导入缓存
2019-06-10,2.96,3.022,0.5326,0.5358,1.364,1.397,3.022,2.96,0,0,Excel导入缓存,0.5358,0.5326,0,0,Excel导入缓存,1.397,1.364,0,0,Excel导入缓存
2019-06-17,3.0,3.079,0.5362,0.5498,1.395,1.473,3.079,3.0,0,0,Excel导入缓存,0.5498,0.5362,0,0,Excel导入缓存,1.473,1.395,0,0,Excel导入缓存
2019-06-24,3.109,3.11,0.5484,0.544,1.467,1.457,3.11,3.109,0,0,Excel导入缓存,0.5484,0.544,0,0,Excel导入缓存,1.467,1.457,0,0,Excel导入缓存
2019-07-01,3.05,3.125,0.5506,0.5608,1.487,1.492,3.125,3.05,0,0,Excel导入缓存,0.5608,0.5506,0,0,Excel导入缓存,1.492,1.487,0,0,Excel导入缓存
2019-07-08,3.091,3.111,0.5582,0.5634,1.488,1.465,3.111,3.091,0,0,Excel导入缓存,0.5634,0.5582,0,0,Excel导入缓存,1.488,1.465,0,0,Excel导入缓存
2019-07-15,3.118,3.177,0.5662,0.567,1.458,1.486,3.177,3.118,0,0,Excel导入缓存,0.567,0.5662,0,0,Excel导入缓存,1.486,1.458,0,0,Excel导入缓存
2019-07-22,3.145,3.134,0.5604,0.5712,1.488,1.506,3.145,3.134,0,0,Excel导入缓存,0.5712,0.5604,0,0,Excel导入缓存,1.506,1.488,0,0,Excel导入缓存
2019-07-29,3.147,3.185,0.575,0.5636,1.504,1.501,3.185,3.147,0,0,Excel导入缓存,0.575,0.5636,0,0,Excel导入缓存,1.504,1.501,0,0,Excel导入缓存
2019-08-05,3.239,3.404,0.5594,0.5644,1.495,1.45,3.404,3.239,0,0,Excel导入缓存,0.5644,0.5594,0,0,Excel导入缓存,1.495,1.45,0,0,Excel导入缓存
2019-08-12,3.402,3.42,0.5632,0.5524,1.457,1.512,3.42,3.402,0,0,Excel导入缓存,0.5632,0.5524,0,0,Excel导入缓存,1.512,1.457,0,0,Excel导入缓存
2019-08-19,3.394,3.399,0.558,0.5678,1.528,1.555,3.399,3.394,0,0,Excel导入缓存,0.5678,0.558,0,0,Excel导入缓存,1.555,1.528,0,0,Excel导入缓存
2019-08-26,3.521,3.509,0.553,0.5682,1.54,1.549,3.521,3.509,0,0,Excel导入缓存,0.5682,0.553,0,0,Excel导入缓存,1.549,1.54,0,0,Excel导入缓存
2019-09-02,3.502,3.43,0.5672,0.5788,1.55,1.631,3.502,3.43,0,0,Excel导入缓存,0.5788,0.5672,0,0,Excel导入缓存,1.631,1.55,0,0,Excel导入缓存
2019-09-09,3.436,3.404,0.5788,0.5806,1.639,1.646,3.436,3.404,0,0,Excel导入缓存,0.5806,0.5788,0,0,Excel导入缓存,1.646,1.639,0,0,Excel导入缓存
2019-09-16,3.414,3.412,0.5748,0.579,1.649,1.638,3.414,3.412,0,0,Excel导入缓存,0.579,0.5748,0,0,Excel导入缓存,1.649,1.638,0,0,Excel导入缓存
2019-09-23,3.437,3.405,0.5782,0.571,1.635,1.587,3.437,3.405,0,0,Excel导入缓存,0.5782,0.571,0,0,Excel导入缓存,1.635,1.587,0,0,Excel导入缓存
2019-09-30,3.4,3.398,0.569,0.567,1.585,1.57,3.4,3.398,0,0,Excel导入缓存,0.569,0.567,0,0,Excel导入缓存,1.585,1.57,0,0,Excel导入缓存
2019-10-08,3.402,3.405,0.568,0.5696,1.571,1.606,3.405,3.402,0,0,Excel导入缓存,0.5696,0.568,0,0,Excel导入缓存,1.606,1.571,0,0,Excel导入缓存
2019-10-14,3.367,3.371,0.5752,0.58,1.615,1.589,3.371,3.367,0,0,Excel导入缓存,0.58,0.5752,0,0,Excel导入缓存,1.615,1.589,0,0,Excel导入缓存
2019-10-21,3.362,3.398,0.576,0.5792,1.588,1.616,3.398,3.362,0,0,Excel导入缓存,0.5792,0.576,0,0,Excel导入缓存,1.616,1.588,0,0,Excel导入缓存
2019-10-28,3.394,3.387,0.5846,0.5912,1.63,1.625,3.394,3.387,0,0,Excel导入缓存,0.5912,0.5846,0,0,Excel导入缓存,1.63,1.625,0,0,Excel导入缓存
2019-11-04,3.391,3.269,0.595,0.5922,1.624,1.645,3.391,3.269,0,0,Excel导入缓存,0.595,0.5922,0,0,Excel导入缓存,1.645,1.624,0,0,Excel导入缓存
2019-11-11,3.26,3.268,0.595,0.6028,1.641,1.614,3.268,3.26,0,0,Excel导入缓存,0.6028,0.595,0,0,Excel导入缓存,1.641,1.614,0,0,Excel导入缓存
2019-11-18,3.271,3.287,0.6056,0.6046,1.613,1.614,3.287,3.271,0,0,Excel导入缓存,0.6056,0.6046,0,0,Excel导入缓存,1.614,1.613,0,0,Excel导入缓存
2019-11-25,3.269,3.265,0.6062,0.619,1.616,1.6,3.269,3.265,0,0,Excel导入缓存,0.619,0.6062,0,0,Excel导入缓存,1.616,1.6,0,0,Excel导入缓存
2019-12-02,3.271,3.297,0.619,0.6116,1.605,1.662,3.297,3.271,0,0,Excel导入缓存,0.619,0.6116,0,0,Excel导入缓存,1.662,1.605,0,0,Excel导入缓存
2019-12-09,3.272,3.262,0.6152,0.622,1.667,1.693,3.272,3.262,0,0,Excel导入缓存,0.622,0.6152,0,0,Excel导入缓存,1.693,1.667,0,0,Excel导入缓存
2019-12-16,3.282,3.302,0.6204,0.6306,1.693,1.708,3.302,3.282,0,0,Excel导入缓存,0.6306,0.6204,0,0,Excel导入缓存,1.708,1.693,0,0,Excel导入缓存
2019-12-23,3.301,3.364,0.6336,0.6432,1.703,1.698,3.364,3.301,0,0,Excel导入缓存,0.6432,0.6336,0,0,Excel导入缓存,1.703,1.698,0,0,Excel导入缓存
2019-12-30,3.372,3.422,0.642,0.6506,1.695,1.764,3.422,3.372,0,0,Excel导入缓存,0.6506,0.642,0,0,Excel导入缓存,1.764,1.695,0,0,Excel导入缓存
2020-01-06,3.496,3.419,0.6456,0.6738,1.756,1.831,3.496,3.419,0,0,Excel导入缓存,0.6738,0.6456,0,0,Excel导入缓存,1.831,1.756,0,0,Excel导入缓存
2020-01-13,3.423,3.405,0.6698,0.6964,1.834,1.858,3.423,3.405,0,0,Excel导入缓存,0.6964,0.6698,0,0,Excel导入缓存,1.858,1.834,0,0,Excel导入缓存
2020-01-20,3.407,3.432,0.6964,0.6956,1.862,1.853,3.432,3.407,0,0,Excel导入缓存,0.6964,0.6956,0,0,Excel导入缓存,1.862,1.853,0,0,Excel导入缓存
2020-02-03,3.51,3.468,0.66,0.7414,1.67,1.94,3.51,3.468,0,0,Excel导入缓存,0.7414,0.66,0,0,Excel导入缓存,1.94,1.67,0,0,Excel导入缓存
2020-02-10,3.491,3.494,0.7336,0.802,1.938,1.987,3.494,3.491,0,0,Excel导入缓存,0.802,0.7336,0,0,Excel导入缓存,1.987,1.938,0,0,Excel导入缓存
2020-02-17,3.509,3.646,0.802,0.7438,2.005,2.145,3.646,3.509,0,0,Excel导入缓存,0.802,0.7438,0,0,Excel导入缓存,2.145,2.005,0,0,Excel导入缓存
2020-02-24,3.728,3.623,0.7252,0.6784,2.137,1.995,3.728,3.623,0,0,Excel导入缓存,0.7252,0.6784,0,0,Excel导入缓存,2.137,1.995,0,0,Excel导入缓存
2020-03-02,3.549,3.686,0.6848,0.6986,2.026,2.111,3.686,3.549,0,0,Excel导入缓存,0.6986,0.6848,0,0,Excel导入缓存,2.111,2.026,0,0,Excel导入缓存
2020-03-09,3.716,3.503,0.6804,0.6432,2.068,1.952,3.716,3.503,0,0,Excel导入缓存,0.6804,0.6432,0,0,Excel导入缓存,2.068,1.952,0,0,Excel导入缓存
2020-03-16,3.4,3.346,0.628,0.6326,1.953,1.847,3.4,3.346,0,0,Excel导入缓存,0.6326,0.628,0,0,Excel导入缓存,1.953,1.847,0,0,Excel导入缓存
2020-03-23,3.325,3.613,0.602,0.6318,1.79,1.83,3.613,3.325,0,0,Excel导入缓存,0.6318,0.602,0,0,Excel导入缓存,1.83,1.79,0,0,Excel导入缓存
2020-03-30,3.597,3.575,0.6132,0.6158,1.807,1.834,3.597,3.575,0,0,Excel导入缓存,0.6158,0.6132,0,0,Excel导入缓存,1.834,1.807,0,0,Excel导入缓存
2020-04-07,3.686,3.672,0.638,0.6254,1.871,1.877,3.686,3.672,0,0,Excel导入缓存,0.638,0.6254,0,0,Excel导入缓存,1.877,1.871,0,0,Excel导入缓存
2020-04-13,3.675,3.668,0.6232,0.6752,1.872,1.943,3.675,3.668,0,0,Excel导入缓存,0.6752,0.6232,0,0,Excel导入缓存,1.943,1.872,0,0,Excel导入缓存
2020-04-20,3.634,3.77,0.6756,0.6898,1.945,1.93,3.77,3.634,0,0,Excel导入缓存,0.6898,0.6756,0,0,Excel导入缓存,1.945,1.93,0,0,Excel导入缓存
2020-04-27,3.763,3.745,0.698,0.748,1.938,1.993,3.763,3.745,0,0,Excel导入缓存,0.748,0.698,0,0,Excel导入缓存,1.993,1.938,0,0,Excel导入缓存
2020-05-06,3.748,3.768,0.7454,0.7578,1.98,2.042,3.768,3.748,0,0,Excel导入缓存,0.7578,0.7454,0,0,Excel导入缓存,2.042,1.98,0,0,Excel导入缓存
2020-05-11,3.751,3.834,0.7636,0.722,2.054,2.042,3.834,3.751,0,0,Excel导入缓存,0.7636,0.722,0,0,Excel导入缓存,2.054,2.042,0,0,Excel导入缓存
2020-05-18,3.9,3.865,0.728,0.719,2.045,1.972,3.9,3.865,0,0,Excel导入缓存,0.728,0.719,0,0,Excel导入缓存,2.045,1.972,0,0,Excel导入缓存
2020-05-25,3.855,3.864,0.725,0.7462,1.968,2.006,3.864,3.855,0,0,Excel导入缓存,0.7462,0.725,0,0,Excel导入缓存,2.006,1.968,0,0,Excel导入缓存
2020-06-01,3.881,3.818,0.754,0.7588,2.024,2.087,3.881,3.818,0,0,Excel导入缓存,0.7588,0.754,0,0,Excel导入缓存,2.087,2.024,0,0,Excel导入缓存
2020-06-08,3.774,3.855,0.7642,0.7448,2.101,2.141,3.855,3.774,0,0,Excel导入缓存,0.7642,0.7448,0,0,Excel导入缓存,2.141,2.101,0,0,Excel导入缓存
2020-06-15,3.86,3.844,0.742,0.7602,2.143,2.238,3.86,3.844,0,0,Excel导入缓存,0.7602,0.742,0,0,Excel导入缓存,2.238,2.143,0,0,Excel导入缓存
2020-06-22,3.891,3.909,0.7588,0.7654,2.246,2.307,3.909,3.891,0,0,Excel导入缓存,0.7654,0.7588,0,0,Excel导入缓存,2.307,2.246,0,0,Excel导入缓存
2020-06-29,3.917,3.915,0.7514,0.7602,2.292,2.38,3.917,3.915,0,0,Excel导入缓存,0.7602,0.7514,0,0,Excel导入缓存,2.38,2.292,0,0,Excel导入缓存
2020-07-06,3.912,3.925,0.7604,0.7688,2.384,2.685,3.925,3.912,0,0,Excel导入缓存,0.7688,0.7604,0,0,Excel导入缓存,2.685,2.384,0,0,Excel导入缓存
2020-07-13,3.938,3.904,0.7806,0.7734,2.693,2.583,3.938,3.904,0,0,Excel导入缓存,0.7806,0.7734,0,0,Excel导入缓存,2.693,2.583,0,0,Excel导入缓存
2020-07-20,3.916,4.11,0.774,0.7678,2.62,2.537,4.11,3.916,0,0,Excel导入缓存,0.774,0.7678,0,0,Excel导入缓存,2.62,2.537,0,0,Excel导入缓存
2020-07-27,4.165,4.216,0.766,0.7844,2.544,2.708,4.216,4.165,0,0,Excel导入缓存,0.7844,0.766,0,0,Excel导入缓存,2.708,2.544,0,0,Excel导入缓存
2020-08-03,4.212,4.38,0.788,0.801,2.734,2.657,4.38,4.212,0,0,Excel导入缓存,0.801,0.788,0,0,Excel导入缓存,2.734,2.657,0,0,Excel导入缓存
2020-08-10,4.335,4.087,0.7958,0.8118,2.641,2.579,4.335,4.087,0,0,Excel导入缓存,0.8118,0.7958,0,0,Excel导入缓存,2.641,2.579,0,0,Excel导入缓存
2020-08-17,4.092,4.092,0.8116,0.8412,2.591,2.546,4.092,4.092,0,0,Excel导入缓存,0.8412,0.8116,0,0,Excel导入缓存,2.591,2.546,0,0,Excel导入缓存
2020-08-24,4.042,4.108,0.852,0.9596,2.563,2.666,4.108,4.042,0,0,Excel导入缓存,0.9596,0.852,0,0,Excel导入缓存,2.666,2.563,0,0,Excel导入缓存
2020-08-31,4.138,4.065,0.9708,0.9692,2.676,2.638,4.138,4.065,0,0,Excel导入缓存,0.9708,0.9692,0,0,Excel导入缓存,2.676,2.638,0,0,Excel导入缓存
2020-09-07,4.079,4.088,0.956,0.9048,2.628,2.449,4.088,4.079,0,0,Excel导入缓存,0.956,0.9048,0,0,Excel导入缓存,2.628,2.449,0,0,Excel导入缓存
2020-09-14,4.088,4.077,0.9066,0.9518,2.476,2.513,4.088,4.077,0,0,Excel导入缓存,0.9518,0.9066,0,0,Excel导入缓存,2.513,2.476,0,0,Excel导入缓存
2020-09-21,4.085,3.928,0.948,0.8894,2.516,2.457,4.085,3.928,0,0,Excel导入缓存,0.948,0.8894,0,0,Excel导入缓存,2.516,2.457,0,0,Excel导入缓存
2020-09-28,3.922,3.975,0.9068,0.9104,2.465,2.489,3.975,3.922,0,0,Excel导入缓存,0.9104,0.9068,0,0,Excel导入缓存,2.489,2.465,0,0,Excel导入缓存
2020-10-09,3.962,3.972,0.9376,0.9292,2.539,2.581,3.972,3.962,0,0,Excel导入缓存,0.9376,0.9292,0,0,Excel导入缓存,2.581,2.539,0,0,Excel导入缓存
2020-10-12,4.019,3.965,0.9366,0.9166,2.606,2.634,4.019,3.965,0,0,Excel导入缓存,0.9366,0.9166,0,0,Excel导入缓存,2.634,2.606,0,0,Excel导入缓存
2020-10-19,3.954,3.955,0.9214,0.9022,2.648,2.516,3.955,3.954,0,0,Excel导入缓存,0.9214,0.9022,0,0,Excel导入缓存,2.648,2.516,0,0,Excel导入缓存
2020-10-26,3.947,3.897,0.902,0.8504,2.5,2.563,3.947,3.897,0,0,Excel导入缓存,0.902,0.8504,0,0,Excel导入缓存,2.563,2.5,0,0,Excel导入缓存
2020-11-02,3.914,4.001,0.8502,0.8966,2.57,2.637,4.001,3.914,0,0,Excel导入缓存,0.8966,0.8502,0,0,Excel导入缓存,2.637,2.57,0,0,Excel导入缓存
2020-11-09,4.014,3.891,0.916,0.877,2.653,2.619,4.014,3.891,0,0,Excel导入缓存,0.916,0.877,0,0,Excel导入缓存,2.653,2.619,0,0,Excel导入缓存
2020-11-16,3.905,3.844,0.8826,0.8608,2.626,2.576,3.905,3.844,0,0,Excel导入缓存,0.8826,0.8608,0,0,Excel导入缓存,2.626,2.576,0,0,Excel导入缓存
2020-11-23,3.851,3.721,0.8604,0.8626,2.579,2.532,3.851,3.721,0,0,Excel导入缓存,0.8626,0.8604,0,0,Excel导入缓存,2.579,2.532,0,0,Excel导入缓存
2020-11-30,3.656,3.754,0.863,0.8698,2.532,2.637,3.754,3.656,0,0,Excel导入缓存,0.8698,0.863,0,0,Excel导入缓存,2.637,2.532,0,0,Excel导入缓存
2020-12-07,3.738,3.739,0.8698,0.8412,2.625,2.601,3.739,3.738,0,0,Excel导入缓存,0.8698,0.8412,0,0,Excel导入缓存,2.625,2.601,0,0,Excel导入缓存
2020-12-14,3.742,3.84,0.8414,0.8606,2.6,2.688,3.84,3.742,0,0,Excel导入缓存,0.8606,0.8414,0,0,Excel导入缓存,2.688,2.6,0,0,Excel导入缓存
2020-12-21,3.878,3.853,0.8602,0.8644,2.687,2.749,3.878,3.853,0,0,Excel导入缓存,0.8644,0.8602,0,0,Excel导入缓存,2.749,2.687,0,0,Excel导入缓存
2020-12-28,3.875,3.85,0.8646,0.8752,2.748,2.866,3.875,3.85,0,0,Excel导入缓存,0.8752,0.8646,0,0,Excel导入缓存,2.866,2.748,0,0,Excel导入缓存
2021-01-04,3.897,3.878,0.8738,0.8636,2.864,3.036,3.897,3.878,0,0,Excel导入缓存,0.8738,0.8636,0,0,Excel导入缓存,3.036,2.864,0,0,Excel导入缓存
2021-01-11,3.73,3.785,0.8684,0.8536,3.052,2.99,3.785,3.73,0,0,Excel导入缓存,0.8684,0.8536,0,0,Excel导入缓存,3.052,2.99,0,0,Excel导入缓存
2021-01-18,3.741,3.806,0.851,0.8866,2.969,3.241,3.806,3.741,0,0,Excel导入缓存,0.8866,0.851,0,0,Excel导入缓存,3.241,2.969,0,0,Excel导入缓存
2021-01-25,3.807,3.779,0.8888,0.8656,3.242,3.029,3.807,3.779,0,0,Excel导入缓存,0.8888,0.8656,0,0,Excel导入缓存,3.242,3.029,0,0,Excel导入缓存
2021-02-01,3.778,3.682,0.853,0.9016,3.024,3.084,3.778,3.682,0,0,Excel导入缓存,0.9016,0.853,0,0,Excel导入缓存,3.084,3.024,0,0,Excel导入缓存
2021-02-08,3.708,3.756,0.9052,0.9106,3.171,3.293,3.756,3.708,0,0,Excel导入缓存,0.9106,0.9052,0,0,Excel导入缓存,3.293,3.171,0,0,Excel导入缓存
2021-02-18,3.645,3.635,0.904,0.905,3.353,3.17,3.645,3.635,0,0,Excel导入缓存,0.905,0.904,0,0,Excel导入缓存,3.353,3.17,0,0,Excel导入缓存
2021-02-22,3.664,3.613,0.9048,0.8492,3.156,2.814,3.664,3.613,0,0,Excel导入缓存,0.9048,0.8492,0,0,Excel导入缓存,3.156,2.814,0,0,Excel导入缓存
2021-03-01,3.572,3.482,0.8618,0.8368,2.85,2.772,3.572,3.482,0,0,Excel导入缓存,0.8618,0.8368,0,0,Excel导入缓存,2.85,2.772,0,0,Excel导入缓存
2021-03-08,3.523,3.524,0.846,0.8646,2.783,2.658,3.524,3.523,0,0,Excel导入缓存,0.8646,0.846,0,0,Excel导入缓存,2.783,2.658,0,0,Excel导入缓存
2021-03-15,3.573,3.59,0.8668,0.8534,2.64,2.579,3.59,3.573,0,0,Excel导入缓存,0.8668,0.8534,0,0,Excel导入缓存,2.64,2.579,0,0,Excel导入缓存
2021-03-22,3.581,3.579,0.8548,0.8642,2.583,2.65,3.581,3.579,0,0,Excel导入缓存,0.8642,0.8548,0,0,Excel导入缓存,2.65,2.583,0,0,Excel导入缓存
2021-03-29,3.58,3.613,0.862,0.896,2.644,2.756,3.613,3.58,0,0,Excel导入缓存,0.896,0.862,0,0,Excel导入缓存,2.756,2.644,0,0,Excel导入缓存
2021-04-06,3.607,3.631,0.9118,0.921,2.762,2.69,3.631,3.607,0,0,Excel导入缓存,0.921,0.9118,0,0,Excel导入缓存,2.762,2.69,0,0,Excel导入缓存
2021-04-12,3.615,3.643,0.9262,0.9362,2.683,2.688,3.643,3.615,0,0,Excel导入缓存,0.9362,0.9262,0,0,Excel导入缓存,2.688,2.683,0,0,Excel导入缓存
2021-04-19,3.671,3.669,0.938,0.9146,2.681,2.891,3.671,3.669,0,0,Excel导入缓存,0.938,0.9146,0,0,Excel导入缓存,2.891,2.681,0,0,Excel导入缓存
2021-04-26,3.651,3.625,0.9256,0.924,2.91,2.989,3.651,3.625,0,0,Excel导入缓存,0.9256,0.924,0,0,Excel导入缓存,2.989,2.91,0,0,Excel导入缓存
2021-05-06,3.664,3.717,0.9,0.9006,2.963,2.819,3.717,3.664,0,0,Excel导入缓存,0.9006,0.9,0,0,Excel导入缓存,2.963,2.819,0,0,Excel导入缓存
2021-05-10,3.724,3.74,0.906,0.8786,2.82,2.937,3.74,3.724,0,0,Excel导入缓存,0.906,0.8786,0,0,Excel导入缓存,2.937,2.82,0,0,Excel导入缓存
2021-05-17,3.781,3.816,0.8852,0.8938,2.945,3.012,3.816,3.781,0,0,Excel导入缓存,0.8938,0.8852,0,0,Excel导入缓存,3.012,2.945,0,0,Excel导入缓存
2021-05-24,3.836,3.8,0.8898,0.8966,3.01,3.121,3.836,3.8,0,0,Excel导入缓存,0.8966,0.8898,0,0,Excel导入缓存,3.121,3.01,0,0,Excel导入缓存
2021-05-31,3.836,3.732,0.8966,0.8882,3.13,3.141,3.836,3.732,0,0,Excel导入缓存,0.8966,0.8882,0,0,Excel导入缓存,3.141,3.13,0,0,Excel导入缓存
2021-06-07,3.759,3.796,0.8996,0.9126,3.136,3.195,3.796,3.759,0,0,Excel导入缓存,0.9126,0.8996,0,0,Excel导入缓存,3.195,3.136,0,0,Excel导入缓存
2021-06-15,3.72,3.623,0.9212,0.9368,3.191,3.137,3.72,3.623,0,0,Excel导入缓存,0.9368,0.9212,0,0,Excel导入缓存,3.191,3.137,0,0,Excel导入缓存
2021-06-21,3.615,3.624,0.9278,0.9516,3.127,3.243,3.624,3.615,0,0,Excel导入缓存,0.9516,0.9278,0,0,Excel导入缓存,3.243,3.127,0,0,Excel导入缓存
2021-06-28,3.618,3.633,0.95,0.9656,3.238,3.227,3.633,3.618,0,0,Excel导入缓存,0.9656,0.95,0,0,Excel导入缓存,3.238,3.227,0,0,Excel导入缓存
2021-07-05,3.651,3.682,0.9744,0.9808,3.223,3.303,3.682,3.651,0,0,Excel导入缓存,0.9808,0.9744,0,0,Excel导入缓存,3.303,3.223,0,0,Excel导入缓存
2021-07-12,3.691,3.709,0.9838,0.9806,3.339,3.328,3.709,3.691,0,0,Excel导入缓存,0.9838,0.9806,0,0,Excel导入缓存,3.339,3.328,0,0,Excel导入缓存
2021-07-19,3.7,3.685,0.9726,0.995,3.326,3.367,3.7,3.685,0,0,Excel导入缓存,0.995,0.9726,0,0,Excel导入缓存,3.367,3.326,0,0,Excel导入缓存
2021-07-26,3.681,3.722,1.0022,0.9824,3.34,3.328,3.722,3.681,0,0,Excel导入缓存,1.0022,0.9824,0,0,Excel导入缓存,3.34,3.328,0,0,Excel导入缓存
2021-08-02,3.685,3.662,0.9924,1.0066,3.328,3.386,3.685,3.662,0,0,Excel导入缓存,1.0066,0.9924,0,0,Excel导入缓存,3.386,3.328,0,0,Excel导入缓存
2021-08-09,3.555,3.591,0.9996,1.002,3.351,3.249,3.591,3.555,0,0,Excel导入缓存,1.002,0.9996,0,0,Excel导入缓存,3.351,3.249,0,0,Excel导入缓存
2021-08-16,3.635,3.658,1.0032,0.9934,3.225,3.1,3.658,3.635,0,0,Excel导入缓存,1.0032,0.9934,0,0,Excel导入缓存,3.225,3.1,0,0,Excel导入缓存
2021-08-23,3.636,3.683,1.006,1.0234,3.105,3.158,3.683,3.636,0,0,Excel导入缓存,1.0234,1.006,0,0,Excel导入缓存,3.158,3.105,0,0,Excel导入缓存
2021-08-30,3.706,3.687,1.0292,1.0362,3.17,3.01,3.706,3.687,0,0,Excel导入缓存,1.0362,1.0292,0,0,Excel导入缓存,3.17,3.01,0,0,Excel导入缓存
2021-09-06,3.71,3.66,1.037,1.0296,3.012,3.135,3.71,3.66,0,0,Excel导入缓存,1.037,1.0296,0,0,Excel导入缓存,3.135,3.012,0,0,Excel导入缓存
2021-09-13,3.64,3.592,1.0198,1.0272,3.127,3.097,3.64,3.592,0,0,Excel导入缓存,1.0272,1.0198,0,0,Excel导入缓存,3.127,3.097,0,0,Excel导入缓存
2021-09-22,3.632,3.588,0.9996,1.0128,3.057,3.109,3.632,3.588,0,0,Excel导入缓存,1.0128,0.9996,0,0,Excel导入缓存,3.109,3.057,0,0,Excel导入缓存
2021-09-27,3.59,3.544,1.0164,0.9888,3.119,3.148,3.59,3.544,0,0,Excel导入缓存,1.0164,0.9888,0,0,Excel导入缓存,3.148,3.119,0,0,Excel导入缓存
2021-10-08,3.58,3.587,0.9916,0.9876,3.169,3.138,3.587,3.58,0,0,Excel导入缓存,0.9916,0.9876,0,0,Excel导入缓存,3.169,3.138,0,0,Excel导入缓存
2021-10-11,3.587,3.629,0.9802,0.9972,3.147,3.176,3.629,3.587,0,0,Excel导入缓存,0.9972,0.9802,0,0,Excel导入缓存,3.176,3.147,0,0,Excel导入缓存
2021-10-18,3.591,3.617,0.998,1.013,3.178,3.185,3.617,3.591,0,0,Excel导入缓存,1.013,0.998,0,0,Excel导入缓存,3.185,3.178,0,0,Excel导入缓存
2021-10-25,3.606,3.608,1.005,1.0246,3.182,3.249,3.608,3.606,0,0,Excel导入缓存,1.0246,1.005,0,0,Excel导入缓存,3.249,3.182,0,0,Excel导入缓存
2021-11-01,3.594,3.624,1.0386,1.076,3.245,3.248,3.624,3.594,0,0,Excel导入缓存,1.076,1.0386,0,0,Excel导入缓存,3.248,3.245,0,0,Excel导入缓存
2021-11-08,3.673,3.722,1.0754,1.054,3.24,3.324,3.722,3.673,0,0,Excel导入缓存,1.0754,1.054,0,0,Excel导入缓存,3.324,3.24,0,0,Excel导入缓存
2021-11-15,3.729,3.729,1.065,1.087,3.324,3.313,3.729,3.729,0,0,Excel导入缓存,1.087,1.065,0,0,Excel导入缓存,3.324,3.313,0,0,Excel导入缓存
2021-11-22,3.706,3.629,1.0904,1.068,3.322,3.364,3.706,3.629,0,0,Excel导入缓存,1.0904,1.068,0,0,Excel导入缓存,3.364,3.322,0,0,Excel导入缓存
2021-11-29,3.618,3.567,1.0576,1.0452,3.345,3.37,3.618,3.567,0,0,Excel导入缓存,1.0576,1.0452,0,0,Excel导入缓存,3.37,3.345,0,0,Excel导入缓存
2021-12-06,3.586,3.565,1.028,1.056,3.354,3.37,3.586,3.565,0,0,Excel导入缓存,1.056,1.028,0,0,Excel导入缓存,3.37,3.354,0,0,Excel导入缓存
2021-12-13,3.586,3.628,1.0694,1.038,3.362,3.328,3.628,3.586,0,0,Excel导入缓存,1.0694,1.038,0,0,Excel导入缓存,3.362,3.328,0,0,Excel导入缓存
2021-12-20,3.623,3.633,1.024,1.0612,3.322,3.196,3.633,3.623,0,0,Excel导入缓存,1.0612,1.024,0,0,Excel导入缓存,3.322,3.196,0,0,Excel导入缓存
2021-12-27,3.636,3.64,1.0652,1.0728,3.183,3.218,3.64,3.636,0,0,Excel导入缓存,1.0728,1.0652,0,0,Excel导入缓存,3.218,3.183,0,0,Excel导入缓存
2022-01-04,3.618,3.594,1.0796,1.0378,3.236,3.003,3.618,3.594,0,0,Excel导入缓存,1.0796,1.0378,0,0,Excel导入缓存,3.236,3.003,0,0,Excel导入缓存
2022-01-10,3.6,3.65,1.022,1.015,3.0,3.015,3.65,3.6,0,0,Excel导入缓存,1.022,1.015,0,0,Excel导入缓存,3.015,3.0,0,0,Excel导入缓存
2022-01-17,3.635,3.672,1.015,0.96,3.0,2.941,3.672,3.635,0,0,Excel导入缓存,1.015,0.96,0,0,Excel导入缓存,3.0,2.941,0,0,Excel导入缓存
2022-01-24,3.66,3.594,0.948,0.919,2.929,2.819,3.66,3.594,0,0,Excel导入缓存,0.948,0.919,0,0,Excel导入缓存,2.929,2.819,0,0,Excel导入缓存
2022-02-07,3.62,3.645,0.948,0.952,2.87,2.66,3.645,3.62,0,0,Excel导入缓存,0.952,0.948,0,0,Excel导入缓存,2.87,2.66,0,0,Excel导入缓存
2022-02-14,3.714,3.76,0.931,0.932,2.648,2.739,3.76,3.714,0,0,Excel导入缓存,0.932,0.931,0,0,Excel导入缓存,2.739,2.648,0,0,Excel导入缓存
2022-02-21,3.763,3.808,0.92,0.894,2.739,2.763,3.808,3.763,0,0,Excel导入缓存,0.92,0.894,0,0,Excel导入缓存,2.763,2.739,0,0,Excel导入缓存
2022-02-28,3.798,3.841,0.9,0.902,2.763,2.662,3.841,3.798,0,0,Excel导入缓存,0.902,0.9,0,0,Excel导入缓存,2.763,2.662,0,0,Excel导入缓存
2022-03-07,3.937,3.937,0.88,0.879,2.641,2.583,3.937,3.937,0,0,Excel导入缓存,0.88,0.879,0,0,Excel导入缓存,2.641,2.583,0,0,Excel导入缓存
2022-03-14,3.921,3.851,0.868,0.91,2.547,2.635,3.921,3.851,0,0,Excel导入缓存,0.91,0.868,0,0,Excel导入缓存,2.635,2.547,0,0,Excel导入缓存
2022-03-21,3.839,3.907,0.931,0.962,2.639,2.565,3.907,3.839,0,0,Excel导入缓存,0.962,0.931,0,0,Excel导入缓存,2.639,2.565,0,0,Excel导入缓存
2022-03-28,3.906,3.853,0.959,0.972,2.54,2.58,3.906,3.853,0,0,Excel导入缓存,0.972,0.959,0,0,Excel导入缓存,2.58,2.54,0,0,Excel导入缓存
2022-04-06,3.842,3.852,0.964,0.953,2.566,2.491,3.852,3.842,0,0,Excel导入缓存,0.964,0.953,0,0,Excel导入缓存,2.566,2.491,0,0,Excel导入缓存
2022-04-11,3.885,3.946,0.934,0.905,2.46,2.385,3.946,3.885,0,0,Excel导入缓存,0.934,0.905,0,0,Excel导入缓存,2.46,2.385,0,0,Excel导入缓存
2022-04-18,3.963,3.951,0.898,0.911,2.361,2.225,3.963,3.951,0,0,Excel导入缓存,0.911,0.898,0,0,Excel导入缓存,2.361,2.225,0,0,Excel导入缓存
2022-04-25,3.924,3.942,0.885,0.905,2.177,2.244,3.942,3.924,0,0,Excel导入缓存,0.905,0.885,0,0,Excel导入缓存,2.244,2.177,0,0,Excel导入缓存
2022-05-05,3.926,3.922,0.915,0.879,2.2,2.177,3.926,3.922,0,0,Excel导入缓存,0.915,0.879,0,0,Excel导入缓存,2.2,2.177,0,0,Excel导入缓存
2022-05-09,3.942,3.888,0.868,0.845,2.165,2.285,3.942,3.888,0,0,Excel导入缓存,0.868,0.845,0,0,Excel导入缓存,2.285,2.165,0,0,Excel导入缓存
2022-05-16,3.877,3.873,0.864,0.833,2.295,2.347,3.877,3.873,0,0,Excel导入缓存,0.864,0.833,0,0,Excel导入缓存,2.347,2.295,0,0,Excel导入缓存
2022-05-23,3.875,3.917,0.832,0.848,2.347,2.251,3.917,3.875,0,0,Excel导入缓存,0.848,0.832,0,0,Excel导入缓存,2.347,2.251,0,0,Excel导入缓存
2022-05-30,3.893,3.876,0.878,0.86,2.262,2.386,3.893,3.876,0,0,Excel导入缓存,0.878,0.86,0,0,Excel导入缓存,2.386,2.262,0,0,Excel导入缓存
2022-06-06,3.867,3.866,0.858,0.847,2.38,2.48,3.867,3.866,0,0,Excel导入缓存,0.858,0.847,0,0,Excel导入缓存,2.48,2.38,0,0,Excel导入缓存
2022-06-13,3.94,3.873,0.818,0.792,2.458,2.584,3.94,3.873,0,0,Excel导入缓存,0.818,0.792,0,0,Excel导入缓存,2.584,2.458,0,0,Excel导入缓存
2022-06-20,3.868,3.828,0.793,0.824,2.59,2.738,3.868,3.828,0,0,Excel导入缓存,0.824,0.793,0,0,Excel导入缓存,2.738,2.59,0,0,Excel导入缓存
2022-06-27,3.842,3.784,0.84,0.799,2.751,2.699,3.842,3.784,0,0,Excel导入缓存,0.84,0.799,0,0,Excel导入缓存,2.751,2.699,0,0,Excel导入缓存
2022-07-04,3.794,3.669,0.8,0.835,2.682,2.731,3.794,3.669,0,0,Excel导入缓存,0.835,0.8,0,0,Excel导入缓存,2.731,2.682,0,0,Excel导入缓存
2022-07-11,3.665,3.621,0.832,0.82,2.729,2.68,3.665,3.621,0,0,Excel导入缓存,0.832,0.82,0,0,Excel导入缓存,2.729,2.68,0,0,Excel导入缓存
2022-07-18,3.636,3.65,0.834,0.866,2.685,2.651,3.65,3.636,0,0,Excel导入缓存,0.866,0.834,0,0,Excel导入缓存,2.685,2.651,0,0,Excel导入缓存
2022-07-25,3.656,3.749,0.858,0.888,2.647,2.594,3.749,3.656,0,0,Excel导入缓存,0.888,0.858,0,0,Excel导入缓存,2.647,2.594,0,0,Excel导入缓存
2022-08-01,3.747,3.789,0.888,0.916,2.58,2.606,3.789,3.747,0,0,Excel导入缓存,0.916,0.888,0,0,Excel导入缓存,2.606,2.58,0,0,Excel导入缓存
2022-08-08,3.761,3.795,0.907,0.913,2.588,2.613,3.795,3.761,0,0,Excel导入缓存,0.913,0.907,0,0,Excel导入缓存,2.613,2.588,0,0,Excel导入缓存
2022-08-15,3.806,3.761,0.929,0.927,2.606,2.653,3.806,3.761,0,0,Excel导入缓存,0.929,0.927,0,0,Excel导入缓存,2.653,2.606,0,0,Excel导入缓存
2022-08-22,3.753,3.798,0.915,0.915,2.65,2.566,3.798,3.753,0,0,Excel导入缓存,0.915,0.915,0,0,Excel导入缓存,2.65,2.566,0,0,Excel导入缓存
2022-08-29,3.755,3.727,0.872,0.863,2.541,2.461,3.755,3.727,0,0,Excel导入缓存,0.872,0.863,0,0,Excel导入缓存,2.541,2.461,0,0,Excel导入缓存
2022-09-05,3.75,3.786,0.853,0.872,2.454,2.476,3.786,3.75,0,0,Excel导入缓存,0.872,0.853,0,0,Excel导入缓存,2.476,2.454,0,0,Excel导入缓存
2022-09-13,3.782,3.729,0.894,0.841,2.485,2.297,3.782,3.729,0,0,Excel导入缓存,0.894,0.841,0,0,Excel导入缓存,2.485,2.297,0,0,Excel导入缓存
2022-09-19,3.738,3.772,0.842,0.829,2.292,2.239,3.772,3.738,0,0,Excel导入缓存,0.842,0.829,0,0,Excel导入缓存,2.292,2.239,0,0,Excel导入缓存
2022-09-26,3.738,3.784,0.818,0.813,2.226,2.221,3.784,3.738,0,0,Excel导入缓存,0.818,0.813,0,0,Excel导入缓存,2.226,2.221,0,0,Excel导入缓存
2022-10-10,3.833,3.814,0.799,0.812,2.219,2.365,3.833,3.814,0,0,Excel导入缓存,0.812,0.799,0,0,Excel导入缓存,2.365,2.219,0,0,Excel导入缓存
2022-10-17,3.8,3.772,0.791,0.811,2.349,2.321,3.8,3.772,0,0,Excel导入缓存,0.811,0.791,0,0,Excel导入缓存,2.349,2.321,0,0,Excel导入缓存
2022-10-24,3.815,3.821,0.836,0.812,2.323,2.187,3.821,3.815,0,0,Excel导入缓存,0.836,0.812,0,0,Excel导入缓存,2.323,2.187,0,0,Excel导入缓存
2022-10-31,3.807,3.804,0.845,0.813,2.166,2.383,3.807,3.804,0,0,Excel导入缓存,0.845,0.813,0,0,Excel导入缓存,2.383,2.166,0,0,Excel导入缓存
2022-11-07,3.834,3.951,0.803,0.853,2.372,2.33,3.951,3.834,0,0,Excel导入缓存,0.853,0.803,0,0,Excel导入缓存,2.372,2.33,0,0,Excel导入缓存
2022-11-14,3.948,3.952,0.856,0.853,2.333,2.315,3.952,3.948,0,0,Excel导入缓存,0.856,0.853,0,0,Excel导入缓存,2.333,2.315,0,0,Excel导入缓存
2022-11-21,3.929,3.959,0.85,0.866,2.298,2.242,3.959,3.929,0,0,Excel导入缓存,0.866,0.85,0,0,Excel导入缓存,2.298,2.242,0,0,Excel导入缓存
2022-11-28,3.974,3.979,0.858,0.863,2.203,2.316,3.979,3.974,0,0,Excel导入缓存,0.863,0.858,0,0,Excel导入缓存,2.316,2.203,0,0,Excel导入缓存
2022-12-05,3.968,3.924,0.857,0.833,2.327,2.348,3.968,3.924,0,0,Excel导入缓存,0.857,0.833,0,0,Excel导入缓存,2.348,2.327,0,0,Excel导入缓存
2022-12-12,3.933,3.915,0.825,0.815,2.342,2.298,3.933,3.915,0,0,Excel导入缓存,0.825,0.815,0,0,Excel导入缓存,2.342,2.298,0,0,Excel导入缓存
2022-12-19,3.933,3.948,0.814,0.802,2.304,2.222,3.948,3.933,0,0,Excel导入缓存,0.814,0.802,0,0,Excel导入缓存,2.304,2.222,0,0,Excel导入缓存
2022-12-26,3.95,3.985,0.802,0.799,2.224,2.279,3.985,3.95,0,0,Excel导入缓存,0.802,0.799,0,0,Excel导入缓存,2.279,2.224,0,0,Excel导入缓存
2023-01-03,3.983,3.972,0.797,0.799,2.267,2.35,3.983,3.972,0,0,Excel导入缓存,0.799,0.797,0,0,Excel导入缓存,2.35,2.267,0,0,Excel导入缓存
2023-01-09,4.016,4.027,0.805,0.815,2.361,2.417,4.027,4.016,0,0,Excel导入缓存,0.815,0.805,0,0,Excel导入缓存,2.417,2.361,0,0,Excel导入缓存
2023-01-16,4.058,4.101,0.817,0.815,2.421,2.507,4.101,4.058,0,0,Excel导入缓存,0.817,0.815,0,0,Excel导入缓存,2.507,2.421,0,0,Excel导入缓存
2023-01-30,4.09,4.071,0.843,0.87,2.577,2.5,4.09,4.071,0,0,Excel导入缓存,0.87,0.843,0,0,Excel导入缓存,2.577,2.5,0,0,Excel导入缓存
2023-02-06,4.021,3.993,0.87,0.86,2.486,2.465,4.021,3.993,0,0,Excel导入缓存,0.87,0.86,0,0,Excel导入缓存,2.486,2.465,0,0,Excel导入缓存
2023-02-13,4.03,3.992,0.856,0.865,2.463,2.378,4.03,3.992,0,0,Excel导入缓存,0.865,0.856,0,0,Excel导入缓存,2.463,2.378,0,0,Excel导入缓存
2023-02-20,4.008,4.021,0.863,0.86,2.372,2.357,4.021,4.008,0,0,Excel导入缓存,0.863,0.86,0,0,Excel导入缓存,2.372,2.357,0,0,Excel导入缓存
2023-02-27,4.02,4.044,0.853,0.849,2.347,2.352,4.044,4.02,0,0,Excel导入缓存,0.853,0.849,0,0,Excel导入缓存,2.352,2.347,0,0,Excel导入缓存
2023-03-06,4.063,4.061,0.865,0.848,2.356,2.3,4.063,4.061,0,0,Excel导入缓存,0.865,0.848,0,0,Excel导入缓存,2.356,2.3,0,0,Excel导入缓存
2023-03-13,4.106,4.198,0.844,0.884,2.295,2.228,4.198,4.106,0,0,Excel导入缓存,0.884,0.844,0,0,Excel导入缓存,2.295,2.228,0,0,Excel导入缓存
2023-03-20,4.269,4.275,0.881,0.891,2.229,2.297,4.275,4.269,0,0,Excel导入缓存,0.891,0.881,0,0,Excel导入缓存,2.297,2.229,0,0,Excel导入缓存
2023-03-27,4.267,4.281,0.897,0.908,2.293,2.327,4.281,4.267,0,0,Excel导入缓存,0.908,0.897,0,0,Excel导入缓存,2.327,2.293,0,0,Excel导入缓存
2023-04-03,4.27,4.328,0.919,0.914,2.327,2.369,4.328,4.27,0,0,Excel导入缓存,0.919,0.914,0,0,Excel导入缓存,2.369,2.327,0,0,Excel导入缓存
2023-04-10,4.301,4.366,0.914,0.91,2.379,2.355,4.366,4.301,0,0,Excel导入缓存,0.914,0.91,0,0,Excel导入缓存,2.379,2.355,0,0,Excel导入缓存
2023-04-17,4.297,4.288,0.915,0.908,2.354,2.269,4.297,4.288,0,0,Excel导入缓存,0.915,0.908,0,0,Excel导入缓存,2.354,2.269,0,0,Excel导入缓存
2023-04-24,4.29,4.298,0.908,0.923,2.267,2.255,4.298,4.29,0,0,Excel导入缓存,0.923,0.908,0,0,Excel导入缓存,2.267,2.255,0,0,Excel导入缓存
2023-05-04,4.41,4.415,0.916,0.916,2.253,2.202,4.415,4.41,0,0,Excel导入缓存,0.916,0.916,0,0,Excel导入缓存,2.253,2.202,0,0,Excel导入缓存
2023-05-08,4.358,4.365,0.93,0.946,2.21,2.185,4.365,4.358,0,0,Excel导入缓存,0.946,0.93,0,0,Excel导入缓存,2.21,2.185,0,0,Excel导入缓存
2023-05-15,4.382,4.33,0.943,0.99,2.192,2.215,4.382,4.33,0,0,Excel导入缓存,0.99,0.943,0,0,Excel导入缓存,2.215,2.192,0,0,Excel导入缓存
2023-05-22,4.351,4.31,0.985,0.996,2.216,2.167,4.351,4.31,0,0,Excel导入缓存,0.996,0.985,0,0,Excel导入缓存,2.216,2.167,0,0,Excel导入缓存
2023-05-29,4.31,4.375,1.029,1.043,2.171,2.175,4.375,4.31,0,0,Excel导入缓存,1.043,1.029,0,0,Excel导入缓存,2.175,2.171,0,0,Excel导入缓存
2023-06-05,4.33,4.375,1.048,1.047,2.173,2.086,4.375,4.33,0,0,Excel导入缓存,1.048,1.047,0,0,Excel导入缓存,2.173,2.086,0,0,Excel导入缓存
2023-06-12,4.368,4.359,1.055,1.1,2.08,2.208,4.368,4.359,0,0,Excel导入缓存,1.1,1.055,0,0,Excel导入缓存,2.208,2.08,0,0,Excel导入缓存
2023-06-19,4.365,4.356,1.097,1.1,2.211,2.156,4.365,4.356,0,0,Excel导入缓存,1.1,1.097,0,0,Excel导入缓存,2.211,2.156,0,0,Excel导入缓存
2023-06-26,4.353,4.349,1.091,1.1,2.14,2.164,4.353,4.349,0,0,Excel导入缓存,1.1,1.091,0,0,Excel导入缓存,2.164,2.14,0,0,Excel导入缓存
2023-07-03,4.364,4.359,1.116,1.106,2.168,2.118,4.364,4.359,0,0,Excel导入缓存,1.116,1.106,0,0,Excel导入缓存,2.168,2.118,0,0,Excel导入缓存
2023-07-10,4.367,4.388,1.101,1.126,2.127,2.169,4.388,4.367,0,0,Excel导入缓存,1.126,1.101,0,0,Excel导入缓存,2.169,2.127,0,0,Excel导入缓存
2023-07-17,4.394,4.453,1.126,1.128,2.163,2.11,4.453,4.394,0,0,Excel导入缓存,1.128,1.126,0,0,Excel导入缓存,2.163,2.11,0,0,Excel导入缓存
2023-07-24,4.45,4.404,1.124,1.134,2.1,2.163,4.45,4.404,0,0,Excel导入缓存,1.134,1.124,0,0,Excel导入缓存,2.163,2.1,0,0,Excel导入缓存
2023-07-31,4.408,4.401,1.146,1.128,2.172,2.204,4.408,4.401,0,0,Excel导入缓存,1.146,1.128,0,0,Excel导入缓存,2.204,2.172,0,0,Excel导入缓存
2023-08-07,4.416,4.412,1.121,1.124,2.198,2.175,4.416,4.412,0,0,Excel导入缓存,1.124,1.121,0,0,Excel导入缓存,2.198,2.175,0,0,Excel导入缓存
2023-08-14,4.41,4.42,1.104,1.083,2.112,2.065,4.42,4.41,0,0,Excel导入缓存,1.104,1.083,0,0,Excel导入缓存,2.112,2.065,0,0,Excel导入缓存
2023-08-21,4.42,4.45,1.084,1.091,2.061,1.991,4.45,4.42,0,0,Excel导入缓存,1.091,1.084,0,0,Excel导入缓存,2.061,1.991,0,0,Excel导入缓存
2023-08-28,4.44,4.49,1.102,1.139,2.136,2.049,4.49,4.44,0,0,Excel导入缓存,1.139,1.102,0,0,Excel导入缓存,2.136,2.049,0,0,Excel导入缓存
2023-09-04,4.49,4.54,1.14,1.141,2.058,1.998,4.54,4.49,0,0,Excel导入缓存,1.141,1.14,0,0,Excel导入缓存,2.058,1.998,0,0,Excel导入缓存
2023-09-11,4.53,4.55,1.136,1.142,2.0,1.954,4.55,4.53,0,0,Excel导入缓存,1.142,1.136,0,0,Excel导入缓存,2.0,1.954,0,0,Excel导入缓存
2023-09-18,4.55,4.56,1.124,1.092,1.951,1.964,4.56,4.55,0,0,Excel导入缓存,1.124,1.092,0,0,Excel导入缓存,1.964,1.951,0,0,Excel导入缓存
2023-09-25,4.55,4.33,1.089,1.069,1.955,1.9533,4.55,4.33,0,0,Excel导入缓存,1.089,1.069,0,0,Excel导入缓存,1.955,1.9533,0,0,Excel导入缓存
2023-10-02,4.44,4.44,1.08,1.08,1.953,1.953,4.44,4.44,0,0,Excel导入缓存,1.08,1.08,0,0,Excel导入缓存,1.953,1.953,0,0,Excel导入缓存
2023-10-09,4.4,4.41,1.099,1.122,1.95,1.945,4.41,4.4,0,0,Excel导入缓存,1.122,1.099,0,0,Excel导入缓存,1.95,1.945,0,0,Excel导入缓存
2023-10-16,4.48,4.6,1.112,1.086,1.945,1.85,4.6,4.48,0,0,Excel导入缓存,1.112,1.086,0,0,Excel导入缓存,1.945,1.85,0,0,Excel导入缓存
2023-10-23,4.57,4.6,1.076,1.053,1.845,1.881,4.6,4.57,0,0,Excel导入缓存,1.076,1.053,0,0,Excel导入缓存,1.881,1.845,0,0,Excel导入缓存
2023-10-30,4.64,4.61,1.053,1.099,1.874,1.918,4.64,4.61,0,0,Excel导入缓存,1.099,1.053,0,0,Excel导入缓存,1.918,1.874,0,0,Excel导入缓存
2023-11-06,4.61,4.55,1.11,1.116,1.93,1.955,4.61,4.55,0,0,Excel导入缓存,1.116,1.11,0,0,Excel导入缓存,1.955,1.93,0,0,Excel导入缓存
2023-11-13,4.52,4.57,1.14,1.161,1.965,1.934,4.57,4.52,0,0,Excel导入缓存,1.161,1.14,0,0,Excel导入缓存,1.965,1.934,0,0,Excel导入缓存
2023-11-20,4.55,4.5,1.154,1.157,1.934,1.888,4.55,4.5,0,0,Excel导入缓存,1.157,1.154,0,0,Excel导入缓存,1.934,1.888,0,0,Excel导入缓存
2023-11-27,4.53,4.59,1.151,1.148,1.883,1.881,4.59,4.53,0,0,Excel导入缓存,1.151,1.148,0,0,Excel导入缓存,1.883,1.881,0,0,Excel导入缓存
2023-12-04,4.67,4.59,1.148,1.157,1.878,1.843,4.67,4.59,0,0,Excel导入缓存,1.157,1.148,0,0,Excel导入缓存,1.878,1.843,0,0,Excel导入缓存
2023-12-11,4.55,4.59,1.164,1.193,1.836,1.802,4.59,4.55,0,0,Excel导入缓存,1.193,1.164,0,0,Excel导入缓存,1.836,1.802,0,0,Excel导入缓存
2023-12-18,4.57,4.63,1.198,1.206,1.792,1.78,4.63,4.57,0,0,Excel导入缓存,1.206,1.198,0,0,Excel导入缓存,1.792,1.78,0,0,Excel导入缓存
2023-12-25,4.63,4.64,1.21,1.204,1.777,1.8424,4.64,4.63,0,0,Excel导入缓存,1.21,1.204,0,0,Excel导入缓存,1.8424,1.777,0,0,Excel导入缓存
2024-01-01,4.65,4.66,1.213,1.176,1.842,1.728,4.66,4.65,0,0,Excel导入缓存,1.213,1.176,0,0,Excel导入缓存,1.842,1.728,0,0,Excel导入缓存
2024-01-08,4.66,4.65,1.18,1.219,1.724,1.714,4.66,4.65,0,0,Excel导入缓存,1.219,1.18,0,0,Excel导入缓存,1.724,1.714,0,0,Excel导入缓存
2024-01-15,4.65,4.64,1.219,1.242,1.702,1.669,4.65,4.64,0,0,Excel导入缓存,1.242,1.219,0,0,Excel导入缓存,1.702,1.669,0,0,Excel导入缓存
2024-01-22,4.65,4.63,1.269,1.261,1.663,1.637,4.65,4.63,0,0,Excel导入缓存,1.269,1.261,0,0,Excel导入缓存,1.663,1.637,0,0,Excel导入缓存
2024-01-29,4.64,4.68,1.261,1.283,1.638,1.508,4.68,4.64,0,0,Excel导入缓存,1.283,1.261,0,0,Excel导入缓存,1.638,1.508,0,0,Excel导入缓存
2024-02-05,4.66,4.66,1.295,1.308,1.491,1.681,4.66,4.66,0,0,Excel导入缓存,1.308,1.295,0,0,Excel导入缓存,1.681,1.491,0,0,Excel导入缓存
2024-02-12,4.66,4.66,1.308,1.308,1.681,1.681,4.66,4.66,0,0,Excel导入缓存,1.308,1.308,0,0,Excel导入缓存,1.681,1.681,0,0,Excel导入缓存
2024-02-19,4.64,4.63,1.296,1.321,1.704,1.709,4.64,4.63,0,0,Excel导入缓存,1.321,1.296,0,0,Excel导入缓存,1.709,1.704,0,0,Excel导入缓存
2024-02-26,4.65,4.67,1.311,1.321,1.706,1.775,4.67,4.65,0,0,Excel导入缓存,1.321,1.311,0,0,Excel导入缓存,1.775,1.706,0,0,Excel导入缓存
2024-03-04,4.73,4.88,1.337,1.337,1.773,1.756,4.88,4.73,0,0,Excel导入缓存,1.337,1.337,0,0,Excel导入缓存,1.773,1.756,0,0,Excel导入缓存
2024-03-11,4.91,4.9,1.317,1.316,1.76,1.833,4.91,4.9,0,0,Excel导入缓存,1.317,1.316,0,0,Excel导入缓存,1.833,1.76,0,0,Excel导入缓存
2024-03-18,4.88,4.95,1.307,1.338,1.85,1.817,4.95,4.88,0,0,Excel导入缓存,1.338,1.307,0,0,Excel导入缓存,1.85,1.817,0,0,Excel导入缓存
2024-03-25,4.96,5.13,1.34,1.337,1.809,1.768,5.13,4.96,0,0,Excel导入缓存,1.34,1.337,0,0,Excel导入缓存,1.809,1.768,0,0,Excel导入缓存
2024-04-01,5.18,5.23,1.346,1.327,1.78,1.79,5.23,5.18,0,0,Excel导入缓存,1.346,1.327,0,0,Excel导入缓存,1.79,1.78,0,0,Excel导入缓存
2024-04-08,5.29,5.5,1.327,1.341,1.785,1.713,5.5,5.29,0,0,Excel导入缓存,1.341,1.327,0,0,Excel导入缓存,1.785,1.713,0,0,Excel导入缓存
2024-04-15,5.39,5.47,1.323,1.264,1.712,1.705,5.47,5.39,0,0,Excel导入缓存,1.323,1.264,0,0,Excel导入缓存,1.712,1.705,0,0,Excel导入缓存
2024-04-22,5.45,5.33,1.25,1.29,1.695,1.774,5.45,5.33,0,0,Excel导入缓存,1.29,1.25,0,0,Excel导入缓存,1.774,1.695,0,0,Excel导入缓存
2024-04-29,5.3,5.29,1.301,1.299,1.78,1.816,5.3,5.29,0,0,Excel导入缓存,1.301,1.299,0,0,Excel导入缓存,1.816,1.78,0,0,Excel导入缓存
2024-05-06,5.22,5.37,1.301,1.321,1.852,1.84,5.37,5.22,0,0,Excel导入缓存,1.321,1.301,0,0,Excel导入缓存,1.852,1.84,0,0,Excel导入缓存
2024-05-13,5.34,5.42,1.323,1.355,1.819,1.824,5.42,5.34,0,0,Excel导入缓存,1.355,1.323,0,0,Excel导入缓存,1.824,1.819,0,0,Excel导入缓存
2024-05-20,5.52,5.32,1.357,1.358,1.828,1.781,5.52,5.32,0,0,Excel导入缓存,1.358,1.357,0,0,Excel导入缓存,1.828,1.781,0,0,Excel导入缓存
2024-05-27,5.32,5.34,1.371,1.353,1.784,1.772,5.34,5.32,0,0,Excel导入缓存,1.371,1.353,0,0,Excel导入缓存,1.784,1.772,0,0,Excel导入缓存
2024-06-03,5.32,5.4,1.359,1.394,1.769,1.748,5.4,5.32,0,0,Excel导入缓存,1.394,1.359,0,0,Excel导入缓存,1.769,1.748,0,0,Excel导入缓存
2024-06-10,5.4,5.27,1.394,1.435,1.748,1.756,5.4,5.27,0,0,Excel导入缓存,1.435,1.394,0,0,Excel导入缓存,1.756,1.748,0,0,Excel导入缓存
2024-06-17,5.3,5.38,1.439,1.45,1.746,1.723,5.38,5.3,0,0,Excel导入缓存,1.45,1.439,0,0,Excel导入缓存,1.746,1.723,0,0,Excel导入缓存
2024-06-24,5.3,5.31,1.443,1.413,1.711,1.6513,5.31,5.3,0,0,Excel导入缓存,1.443,1.413,0,0,Excel导入缓存,1.711,1.6513,0,0,Excel导入缓存
2024-07-01,5.3,5.38,1.467,1.529,1.648,1.623,5.38,5.3,0,0,Excel导入缓存,1.529,1.467,0,0,Excel导入缓存,1.648,1.623,0,0,Excel导入缓存
2024-07-08,5.43,5.45,1.547,1.492,1.615,1.653,5.45,5.43,0,0,Excel导入缓存,1.547,1.492,0,0,Excel导入缓存,1.653,1.615,0,0,Excel导入缓存
2024-07-15,5.45,5.43,1.505,1.471,1.644,1.692,5.45,5.43,0,0,Excel导入缓存,1.505,1.471,0,0,Excel导入缓存,1.692,1.644,0,0,Excel导入缓存
2024-07-22,5.43,5.35,1.46,1.409,1.693,1.627,5.43,5.35,0,0,Excel导入缓存,1.46,1.409,0,0,Excel导入缓存,1.693,1.627,0,0,Excel导入缓存
2024-07-29,5.39,5.51,1.428,1.396,1.622,1.609,5.51,5.39,0,0,Excel导入缓存,1.428,1.396,0,0,Excel导入缓存,1.622,1.609,0,0,Excel导入缓存
2024-08-05,5.39,5.4,1.33,1.35,1.592,1.566,5.4,5.39,0,0,Excel导入缓存,1.35,1.33,0,0,Excel导入缓存,1.592,1.566,0,0,Excel导入缓存
2024-08-12,5.41,5.45,1.355,1.469,1.566,1.561,5.45,5.41,0,0,Excel导入缓存,1.469,1.355,0,0,Excel导入缓存,1.566,1.561,0,0,Excel导入缓存
2024-08-19,5.5,5.5,1.47,1.457,1.56,1.517,5.5,5.5,0,0,Excel导入缓存,1.47,1.457,0,0,Excel导入缓存,1.56,1.517,0,0,Excel导入缓存
2024-08-26,5.53,5.52,1.47,1.417,1.517,1.552,5.53,5.52,0,0,Excel导入缓存,1.47,1.417,0,0,Excel导入缓存,1.552,1.517,0,0,Excel导入缓存
2024-09-02,5.51,5.52,1.429,1.372,1.547,1.508,5.52,5.51,0,0,Excel导入缓存,1.429,1.372,0,0,Excel导入缓存,1.547,1.508,0,0,Excel导入缓存
2024-09-09,5.49,5.61,1.349,1.435,1.5,1.509,5.61,5.49,0,0,Excel导入缓存,1.435,1.349,0,0,Excel导入缓存,1.509,1.5,0,0,Excel导入缓存
2024-09-16,5.61,5.66,1.435,1.443,1.509,1.508,5.66,5.61,0,0,Excel导入缓存,1.443,1.435,0,0,Excel导入缓存,1.509,1.508,0,0,Excel导入缓存
2024-09-23,5.68,5.71,1.45,1.414,1.507,1.86,5.71,5.68,0,0,Excel导入缓存,1.45,1.414,0,0,Excel导入缓存,1.86,1.507,0,0,Excel导入缓存
2024-09-30,5.64,5.71,1.401,1.409,2.0,2.232,5.71,5.64,0,0,Excel导入缓存,1.409,1.401,0,0,Excel导入缓存,2.232,2.0,0,0,Excel导入缓存
2024-10-07,5.71,5.74,1.409,1.445,2.232,2.06,5.74,5.71,0,0,Excel导入缓存,1.445,1.409,0,0,Excel导入缓存,2.232,2.06,0,0,Excel导入缓存
2024-10-14,5.77,5.95,1.447,1.459,2.078,2.156,5.95,5.77,0,0,Excel导入缓存,1.459,1.447,0,0,Excel导入缓存,2.156,2.078,0,0,Excel导入缓存
2024-10-21,5.99,6.0,1.464,1.455,2.162,2.196,6.0,5.99,0,0,Excel导入缓存,1.464,1.455,0,0,Excel导入缓存,2.196,2.162,0,0,Excel导入缓存
2024-10-28,5.99,6.05,1.473,1.442,2.193,2.084,6.05,5.99,0,0,Excel导入缓存,1.473,1.442,0,0,Excel导入缓存,2.193,2.084,0,0,Excel导入缓存
2024-11-04,6.01,5.9,1.441,1.525,2.081,2.282,6.01,5.9,0,0,Excel导入缓存,1.525,1.441,0,0,Excel导入缓存,2.282,2.081,0,0,Excel导入缓存
2024-11-11,5.9,5.68,1.53,1.51,2.25,2.204,5.9,5.68,0,0,Excel导入缓存,1.53,1.51,0,0,Excel导入缓存,2.25,2.204,0,0,Excel导入缓存
2024-11-18,5.75,6.01,1.491,1.521,2.205,2.136,6.01,5.75,0,0,Excel导入缓存,1.521,1.491,0,0,Excel导入缓存,2.205,2.136,0,0,Excel导入缓存
2024-11-25,6.01,5.92,1.533,1.532,2.14,2.179,6.01,5.92,0,0,Excel导入缓存,1.533,1.532,0,0,Excel导入缓存,2.179,2.14,0,0,Excel导入缓存
2024-12-02,5.85,5.9,1.54,1.584,2.172,2.224,5.9,5.85,0,0,Excel导入缓存,1.584,1.54,0,0,Excel导入缓存,2.224,2.172,0,0,Excel导入缓存
2024-12-09,5.94,6.0,1.599,1.629,2.219,2.193,6.0,5.94,0,0,Excel导入缓存,1.629,1.599,0,0,Excel导入缓存,2.219,2.193,0,0,Excel导入缓存
2024-12-16,5.95,5.89,1.631,1.597,2.19,2.169,5.95,5.89,0,0,Excel导入缓存,1.631,1.597,0,0,Excel导入缓存,2.19,2.169,0,0,Excel导入缓存
2024-12-23,5.92,5.95,1.626,1.662,2.163,2.163,5.95,5.92,0,0,Excel导入缓存,1.662,1.626,0,0,Excel导入缓存,2.163,2.163,0,0,Excel导入缓存
2024-12-30,5.93,6.03,1.634,1.633,2.158,1.978,6.03,5.93,0,0,Excel导入缓存,1.634,1.633,0,0,Excel导入缓存,2.158,1.978,0,0,Excel导入缓存
2025-01-06,6.02,6.11,1.66,1.63,1.978,1.938,6.11,6.02,0,0,Excel导入缓存,1.66,1.63,0,0,Excel导入缓存,1.978,1.938,0,0,Excel导入缓存
2025-01-13,6.11,6.14,1.613,1.63,1.916,2.026,6.14,6.11,0,0,Excel导入缓存,1.63,1.613,0,0,Excel导入缓存,2.026,1.916,0,0,Excel导入缓存
2025-01-20,6.09,6.22,1.644,1.644,2.047,2.084,6.22,6.09,0,0,Excel导入缓存,1.644,1.644,0,0,Excel导入缓存,2.084,2.047,0,0,Excel导入缓存
2025-01-27,6.22,6.2,1.612,1.615,2.086,2.028,6.22,6.2,0,0,Excel导入缓存,1.615,1.612,0,0,Excel导入缓存,2.086,2.028,0,0,Excel导入缓存
2025-02-03,6.2,6.42,1.615,1.623,2.028,2.131,6.42,6.2,0,0,Excel导入缓存,1.623,1.615,0,0,Excel导入缓存,2.131,2.028,0,0,Excel导入缓存
2025-02-10,6.46,6.61,1.611,1.629,2.14,2.174,6.61,6.46,0,0,Excel导入缓存,1.629,1.611,0,0,Excel导入缓存,2.174,2.14,0,0,Excel导入缓存
2025-02-17,6.48,6.57,1.629,1.611,2.198,2.239,6.57,6.48,0,0,Excel导入缓存,1.629,1.611,0,0,Excel导入缓存,2.239,2.198,0,0,Excel导入缓存
2025-02-24,6.55,6.44,1.581,1.511,2.232,2.128,6.55,6.44,0,0,Excel导入缓存,1.581,1.511,0,0,Excel导入缓存,2.232,2.128,0,0,Excel导入缓存
2025-03-03,6.45,6.53,1.528,1.5,2.133,2.16,6.53,6.45,0,0,Excel导入缓存,1.528,1.5,0,0,Excel导入缓存,2.16,2.133,0,0,Excel导入缓存
2025-03-10,6.53,6.67,1.498,1.438,2.166,2.186,6.67,6.53,0,0,Excel导入缓存,1.498,1.438,0,0,Excel导入缓存,2.186,2.166,0,0,Excel导入缓存
2025-03-17,6.67,6.77,1.452,1.468,2.188,2.112,6.77,6.67,0,0,Excel导入缓存,1.468,1.452,0,0,Excel导入缓存,2.188,2.112,0,0,Excel导入缓存
2025-03-24,6.77,6.94,1.485,1.475,2.11,2.089,6.94,6.77,0,0,Excel导入缓存,1.485,1.475,0,0,Excel导入缓存,2.11,2.089,0,0,Excel导入缓存
2025-03-31,6.94,7.09,1.428,1.413,2.079,2.027,7.09,6.94,0,0,Excel导入缓存,1.428,1.413,0,0,Excel导入缓存,2.079,2.027,0,0,Excel导入缓存
2025-04-07,6.801,7.273,1.272,1.413,1.93,1.892,7.273,6.801,0,0,Excel导入缓存,1.413,1.272,0,0,Excel导入缓存,1.93,1.892,0,0,Excel导入缓存
2025-04-14,7.301,7.583,1.435,1.381,1.915,1.878,7.583,7.301,0,0,Excel导入缓存,1.435,1.381,0,0,Excel导入缓存,1.915,1.878,0,0,Excel导入缓存
2025-04-21,7.684,7.53,1.374,1.444,1.874,1.92,7.684,7.53,0,0,Excel导入缓存,1.444,1.374,0,0,Excel导入缓存,1.92,1.874,0,0,Excel导入缓存
2025-04-28,7.499,7.471,1.44,1.446,1.918,1.921,7.499,7.471,0,0,Excel导入缓存,1.446,1.44,0,0,Excel导入缓存,1.921,1.918,0,0,Excel导入缓存
2025-05-05,7.596,7.531,1.469,1.486,1.936,1.984,7.596,7.531,0,0,Excel导入缓存,1.486,1.469,0,0,Excel导入缓存,1.984,1.936,0,0,Excel导入缓存
2025-05-12,7.341,7.178,1.513,1.561,2.013,2.01,7.341,7.178,0,0,Excel导入缓存,1.561,1.513,0,0,Excel导入缓存,2.013,2.01,0,0,Excel导入缓存
2025-05-19,7.206,7.454,1.55,1.534,2.006,1.994,7.454,7.206,0,0,Excel导入缓存,1.55,1.534,0,0,Excel导入缓存,2.006,1.994,0,0,Excel导入缓存
2025-05-26,7.438,7.369,1.54,1.556,1.99,1.972,7.438,7.369,0,0,Excel导入缓存,1.556,1.54,0,0,Excel导入缓存,1.99,1.972,0,0,Excel导入缓存
2025-06-02,7.501,7.481,1.567,1.567,1.961,2.017,7.501,7.481,0,0,Excel导入缓存,1.567,1.567,0,0,Excel导入缓存,2.017,1.961,0,0,Excel导入缓存
2025-06-09,7.364,7.588,1.573,1.554,2.02,2.02,7.588,7.364,0,0,Excel导入缓存,1.573,1.554,0,0,Excel导入缓存,2.02,2.02,0,0,Excel导入缓存
2025-06-16,7.629,7.436,1.561,1.562,2.019,1.988,7.629,7.436,0,0,Excel导入缓存,1.562,1.561,0,0,Excel导入缓存,2.019,1.988,0,0,Excel导入缓存
2025-06-23,7.452,7.326,1.551,1.619,1.98,2.101,7.452,7.326,0,0,Excel导入缓存,1.619,1.551,0,0,Excel导入缓存,2.101,1.98,0,0,Excel导入缓存
2025-06-30,7.3,7.407,1.625,1.636,2.11,2.133,7.407,7.3,0,0,Excel导入缓存,1.636,1.625,0,0,Excel导入缓存,2.133,2.11,0,0,Excel导入缓存
2025-07-07,7.348,7.376,1.633,1.633,2.126,2.185,7.376,7.348,0,0,Excel导入缓存,1.633,1.633,0,0,Excel导入缓存,2.185,2.126,0,0,Excel导入缓存
2025-07-14,7.426,7.403,1.626,1.662,2.18,2.252,7.426,7.403,0,0,Excel导入缓存,1.662,1.626,0,0,Excel导入缓存,2.252,2.18,0,0,Excel导入缓存
2025-07-21,7.43,7.409,1.663,1.666,2.258,2.318,7.43,7.409,0,0,Excel导入缓存,1.666,1.663,0,0,Excel导入缓存,2.318,2.258,0,0,Excel导入缓存
2025-07-28,7.371,7.352,1.679,1.671,2.329,2.303,7.371,7.352,0,0,Excel导入缓存,1.679,1.671,0,0,Excel导入缓存,2.329,2.303,0,0,Excel导入缓存
2025-08-04,7.432,7.508,1.643,1.691,2.285,2.312,7.508,7.432,0,0,Excel导入缓存,1.691,1.643,0,0,Excel导入缓存,2.312,2.285,0,0,Excel导入缓存
2025-08-11,7.452,7.401,1.706,1.722,2.317,2.509,7.452,7.401,0,0,Excel导入缓存,1.722,1.706,0,0,Excel导入缓存,2.509,2.317,0,0,Excel导入缓存
2025-08-18,7.398,7.378,1.715,1.676,2.52,2.662,7.398,7.378,0,0,Excel导入缓存,1.715,1.676,0,0,Excel导入缓存,2.662,2.52,0,0,Excel导入缓存
2025-08-25,7.419,7.486,1.7,1.692,2.693,2.865,7.486,7.419,0,0,Excel导入缓存,1.7,1.692,0,0,Excel导入缓存,2.865,2.693,0,0,Excel导入缓存
2025-09-01,7.546,7.775,1.679,1.701,2.88,2.944,7.775,7.546,0,0,Excel导入缓存,1.701,1.679,0,0,Excel导入缓存,2.944,2.88,0,0,Excel导入缓存
2025-09-08,7.811,7.954,1.698,1.714,2.946,2.995,7.954,7.811,0,0,Excel导入缓存,1.714,1.698,0,0,Excel导入缓存,2.995,2.946,0,0,Excel导入缓存
2025-09-15,7.908,7.898,1.719,1.751,3.006,3.062,7.908,7.898,0,0,Excel导入缓存,1.751,1.719,0,0,Excel导入缓存,3.062,3.006,0,0,Excel导入缓存
2025-09-22,8.005,8.16,1.762,1.78,3.068,3.129,8.16,8.005,0,0,Excel导入缓存,1.78,1.762,0,0,Excel导入缓存,3.129,3.068,0,0,Excel导入缓存
2025-09-29,8.177,8.339,1.793,1.813,3.126,3.217,8.339,8.177,0,0,Excel导入缓存,1.813,1.793,0,0,Excel导入缓存,3.217,3.126,0,0,Excel导入缓存
2025-10-09,8.724,8.602,1.842,1.86,3.217,3.095,8.724,8.602,0,0,Excel导入缓存,1.86,1.842,0,0,Excel导入缓存,3.217,3.095,0,0,Excel导入缓存
2025-10-13,8.77,9.568,1.807,1.807,2.952,2.915,9.568,8.77,0,0,Excel导入缓存,1.807,1.807,0,0,Excel导入缓存,2.952,2.915,0,0,Excel导入缓存
2025-10-20,9.308,8.95,1.835,1.902,2.976,3.147,9.308,8.95,0,0,Excel导入缓存,1.902,1.835,0,0,Excel导入缓存,3.147,2.976,0,0,Excel导入缓存
2025-10-27,8.948,8.794,1.923,1.982,3.209,3.166,8.948,8.794,0,0,Excel导入缓存,1.982,1.923,0,0,Excel导入缓存,3.209,3.166,0,0,Excel导入缓存
2025-11-03,8.743,8.793,1.984,1.924,3.152,3.185,8.793,8.743,0,0,Excel导入缓存,1.984,1.924,0,0,Excel导入缓存,3.185,3.152,0,0,Excel导入缓存
2025-11-10,8.869,9.096,1.946,1.923,3.2,3.093,9.096,8.869,0,0,Excel导入缓存,1.946,1.923,0,0,Excel导入缓存,3.2,3.093,0,0,Excel导入缓存
2025-11-17,8.922,8.828,1.941,1.848,3.074,2.904,8.922,8.828,0,0,Excel导入缓存,1.941,1.848,0,0,Excel导入缓存,3.074,2.904,0,0,Excel导入缓存
2025-11-24,8.858,9.067,1.868,1.943,2.925,3.035,9.067,8.858,0,0,Excel导入缓存,1.943,1.868,0,0,Excel导入缓存,3.035,2.925,0,0,Excel导入缓存
2025-12-01,9.146,9.136,1.93,1.963,3.044,3.089,9.146,9.136,0,0,Excel导入缓存,1.963,1.93,0,0,Excel导入缓存,3.089,3.044,0,0,Excel导入缓存
2025-12-08,9.107,9.227,1.963,1.921,3.101,3.174,9.227,9.107,0,0,Excel导入缓存,1.963,1.921,0,0,Excel导入缓存,3.174,3.101,0,0,Excel导入缓存
2025-12-15,9.298,9.313,1.89,1.916,3.14,3.107,9.313,9.298,0,0,Excel导入缓存,1.916,1.89,0,0,Excel导入缓存,3.14,3.107,0,0,Excel导入缓存
2025-12-22,9.38,9.65,1.94,1.929,3.135,3.226,9.65,9.38,0,0,Excel导入缓存,1.94,1.929,0,0,Excel导入缓存,3.226,3.135,0,0,Excel导入缓存
2025-12-29,9.64,9.301,1.925,1.904,3.217,3.186,9.64,9.301,0,0,Excel导入缓存,1.925,1.904,0,0,Excel导入缓存,3.217,3.186,0,0,Excel导入缓存
2026-01-05,9.421,9.592,1.909,1.903,3.215,3.314,9.592,9.421,0,0,Excel导入缓存,1.909,1.903,0,0,Excel导入缓存,3.314,3.215,0,0,Excel导入缓存
2026-01-12,9.779,9.857,1.904,1.904,3.314,3.346,9.857,9.779,0,0,Excel导入缓存,1.904,1.904,0,0,Excel导入缓存,3.346,3.314,0,0,Excel导入缓存
2026-01-19,9.962,10.617,1.886,1.891,3.327,3.337,10.617,9.962,0,0,Excel导入缓存,1.891,1.886,0,0,Excel导入缓存,3.337,3.327,0,0,Excel导入缓存
2026-01-26,10.886,11.009,1.888,1.881,3.352,3.335,11.009,10.886,0,0,Excel导入缓存,1.888,1.881,0,0,Excel导入缓存,3.352,3.335,0,0,Excel导入缓存
2026-02-02,9.908,10.357,1.858,1.813,3.338,3.229,10.357,9.908,0,0,Excel导入缓存,1.858,1.813,0,0,Excel导入缓存,3.338,3.229,0,0,Excel导入缓存
2026-02-09,10.72,10.575,1.846,1.83,3.288,3.265,10.72,10.575,0,0,Excel导入缓存,1.846,1.83,0,0,Excel导入缓存,3.288,3.265,0,0,Excel导入缓存
2026-02-24,10.933,10.934,1.821,1.819,3.318,3.301,10.934,10.933,0,0,Excel导入缓存,1.821,1.819,0,0,Excel导入缓存,3.318,3.301,0,0,Excel导入缓存
2026-03-02,11.368,10.873,1.804,1.801,3.251,3.225,11.368,10.873,0,0,Excel导入缓存,1.804,1.801,0,0,Excel导入缓存,3.251,3.225,0,0,Excel导入缓存
2026-03-09,10.858,10.8,1.748,1.77,3.183,3.3,10.858,10.8,0,0,Excel导入缓存,1.77,1.748,0,0,Excel导入缓存,3.3,3.183,0,0,Excel导入缓存
2026-03-16,10.63,9.896,1.763,1.749,3.308,3.341,10.63,9.896,0,0,Excel导入缓存,1.763,1.749,0,0,Excel导入缓存,3.341,3.308,0,0,Excel导入缓存
2026-03-23,9.488,9.494,1.725,1.708,3.3,3.293,9.494,9.488,0,0,Excel导入缓存,1.725,1.708,0,0,Excel导入缓存,3.3,3.293,0,0,Excel导入缓存
2026-03-30,9.496,9.828,1.672,1.731,3.242,3.141,9.828,9.496,0,0,Excel导入缓存,1.731,1.672,0,0,Excel导入缓存,3.242,3.141,0,0,Excel导入缓存
2026-04-07,9.845,9.997,1.731,1.83,3.153,3.456,9.997,9.845,0,0,Excel导入缓存,1.83,1.731,0,0,Excel导入缓存,3.456,3.153,0,0,Excel导入缓存
2026-04-13,9.918,10.029,1.8,1.892,3.43,3.67,10.029,9.918,0,0,Excel导入缓存,1.892,1.8,0,0,Excel导入缓存,3.67,3.43,0,0,Excel导入缓存
2026-04-20,10.04,9.826,1.9,1.907,3.657,3.674,10.04,9.826,0,0,Excel导入缓存,1.907,1.9,0,0,Excel导入缓存,3.674,3.657,0,0,Excel导入缓存
2026-04-27,9.859,9.678,1.93,1.959,3.68,3.689,9.859,9.678,0,0,Excel导入缓存,1.959,1.93,0,0,Excel导入缓存,3.689,3.68,0,0,Excel导入缓存
2026-05-06,9.698,9.88,2.02,2.065,3.763,3.806,9.88,9.698,0,0,Excel导入缓存,2.065,2.02,0,0,Excel导入缓存,3.806,3.763,0,0,Excel导入缓存
2026-05-11,9.827,9.795,2.104,2.105,3.834,3.961,9.827,9.795,0,0,Excel导入缓存,2.105,2.104,0,0,Excel导入缓存,3.961,3.834,0,0,Excel导入缓存
